order_id,date,region,product,units,unit_price
64115,2024-01-01,East,Thingamajig,8,9.99
86732,2024-01-01,North,Gadget,9,29.0
10807,2024-01-01,East,Contraption,11,39.0
75071,2024-01-01,South,Widget,11,14.5
51248,2024-01-01,West,Widget,6,14.5
91158,2024-01-01,South,Contraption,3,39.0
57768,2024-01-01,South,Contraption,6,39.0
85308,2024-01-01,North,Thingamajig,1,9.99
70125,2024-01-01,West,Gadget,2,29.0
55881,2024-01-01,East,Gadget,1,29.0
14671,2024-01-01,North,Thingamajig,3,9.99
82913,2024-01-02,West,Doohickey,6,19.99
15647,2024-01-02,North,Gadget,9,29.0
24142,2024-01-02,North,Thingamajig,5,9.99
92992,2024-01-02,East,Contraption,6,39.0
23283,2024-01-02,South,Thingamajig,7,9.99
58754,2024-01-02,East,Widget,9,14.5
20435,2024-01-02,South,Gadget,5,29.0
69756,2024-01-02,West,Thingamajig,1,9.99
50785,2024-01-02,North,Widget,3,14.5
23431,2024-01-02,East,Contraption,10,39.0
60861,2024-01-02,West,Thingamajig,5,9.99
69072,2024-01-02,West,Thingamajig,6,9.99
72090,2024-01-02,South,Doohickey,10,19.99
59348,2024-01-02,East,Gadget,9,29.0
25457,2024-01-02,North,Doohickey,5,19.99
66857,2024-01-03,West,Gadget,8,29.0
23441,2024-01-03,North,Contraption,2,39.0
37255,2024-01-03,South,Contraption,9,39.0
52960,2024-01-03,East,Contraption,2,39.0
45274,2024-01-03,West,Widget,2,14.5
49043,2024-01-03,West,Gadget,11,29.0
78551,2024-01-03,West,Thingamajig,6,9.99
44256,2024-01-03,East,Contraption,11,39.0
19637,2024-01-03,South,Doohickey,1,19.99
16163,2024-01-03,West,Thingamajig,10,9.99
98423,2024-01-03,South,Doohickey,6,19.99
86160,2024-01-03,South,Doohickey,11,19.99
28261,2024-01-03,East,Thingamajig,4,9.99
78244,2024-01-03,West,Thingamajig,9,9.99
42563,2024-01-03,South,Gadget,4,29.0
44794,2024-01-04,South,Contraption,10,39.0
36581,2024-01-04,East,Thingamajig,2,9.99
22278,2024-01-04,West,Thingamajig,10,9.99
85927,2024-01-04,East,Thingamajig,9,9.99
70989,2024-01-04,North,Thingamajig,4,9.99
63917,2024-01-04,West,Doohickey,10,19.99
97255,2024-01-04,East,Contraption,3,39.0
46092,2024-01-04,North,Widget,3,14.5
84470,2024-01-05,North,Doohickey,1,19.99
80022,2024-01-05,South,Doohickey,11,19.99
95797,2024-01-05,West,Thingamajig,6,9.99
79016,2024-01-05,South,Widget,3,14.5
39035,2024-01-05,West,Widget,9,14.5
36813,2024-01-05,East,Contraption,6,39.0
64159,2024-01-05,South,Gadget,3,29.0
71090,2024-01-05,West,Doohickey,8,19.99
28769,2024-01-05,South,Widget,8,14.5
56122,2024-01-05,West,Doohickey,1,19.99
94271,2024-01-05,West,Gadget,7,29.0
67789,2024-01-05,East,Doohickey,4,19.99
84301,2024-01-05,North,Thingamajig,1,9.99
11083,2024-01-06,East,Thingamajig,2,9.99
82226,2024-01-06,West,Doohickey,7,19.99
48660,2024-01-06,South,Doohickey,1,19.99
32760,2024-01-06,North,Thingamajig,11,9.99
82249,2024-01-06,South,Doohickey,6,19.99
43949,2024-01-06,North,Doohickey,11,19.99
13917,2024-01-06,North,Contraption,7,39.0
65779,2024-01-06,West,Gadget,3,29.0
89353,2024-01-06,East,Contraption,1,39.0
83303,2024-01-06,North,Contraption,4,39.0
87294,2024-01-06,North,Gadget,4,29.0
42493,2024-01-06,South,Thingamajig,3,9.99
24098,2024-01-06,South,Doohickey,6,19.99
18997,2024-01-06,East,Gadget,2,29.0
93900,2024-01-06,North,Doohickey,8,19.99
74652,2024-01-06,South,Doohickey,9,19.99
89138,2024-01-07,East,Doohickey,5,19.99
18105,2024-01-07,East,Thingamajig,3,9.99
20122,2024-01-07,South,Contraption,6,39.0
77096,2024-01-07,South,Doohickey,6,19.99
71782,2024-01-07,South,Widget,4,14.5
25610,2024-01-07,North,Contraption,3,39.0
74090,2024-01-07,East,Thingamajig,5,9.99
76914,2024-01-07,West,Doohickey,7,19.99
65979,2024-01-08,South,Doohickey,7,19.99
49802,2024-01-08,South,Thingamajig,2,9.99
56653,2024-01-08,South,Widget,5,14.5
85558,2024-01-08,North,Doohickey,1,19.99
46344,2024-01-08,West,Gadget,10,29.0
13151,2024-01-08,South,Widget,10,14.5
41038,2024-01-08,North,Widget,10,14.5
49776,2024-01-08,North,Widget,2,14.5
97446,2024-01-08,North,Thingamajig,8,9.99
49468,2024-01-08,South,Doohickey,4,19.99
58799,2024-01-08,South,Widget,3,14.5
19142,2024-01-08,West,Doohickey,4,19.99
59279,2024-01-08,West,Contraption,6,39.0
57795,2024-01-08,South,Gadget,8,29.0
91105,2024-01-08,West,Thingamajig,9,9.99
62822,2024-01-08,West,Gadget,8,29.0
23331,2024-01-08,South,Widget,1,14.5
49905,2024-01-09,North,Gadget,5,29.0
15476,2024-01-09,West,Gadget,3,29.0
53853,2024-01-09,North,Doohickey,3,19.99
35252,2024-01-09,East,Gadget,9,29.0
42453,2024-01-09,South,Gadget,4,29.0
83465,2024-01-09,East,Thingamajig,7,9.99
83741,2024-01-09,South,Gadget,6,29.0
75026,2024-01-09,South,Gadget,3,29.0
12544,2024-01-09,East,Contraption,10,39.0
88571,2024-01-09,East,Thingamajig,11,9.99
68170,2024-01-10,North,Gadget,6,29.0
37573,2024-01-10,North,Widget,1,14.5
72816,2024-01-10,South,Doohickey,10,19.99
85984,2024-01-10,North,Widget,8,14.5
10176,2024-01-10,South,Thingamajig,9,9.99
66822,2024-01-10,South,Gadget,9,29.0
30097,2024-01-10,West,Thingamajig,8,9.99
11715,2024-01-10,East,Widget,7,14.5
67508,2024-01-10,West,Thingamajig,2,9.99
82197,2024-01-10,North,Thingamajig,6,9.99
92743,2024-01-10,East,Doohickey,1,19.99
73816,2024-01-10,South,Widget,7,14.5
32896,2024-01-10,West,Doohickey,9,19.99
41725,2024-01-10,East,Doohickey,2,19.99
73958,2024-01-11,East,Contraption,5,39.0
33568,2024-01-11,South,Doohickey,10,19.99
28872,2024-01-11,South,Gadget,1,29.0
59995,2024-01-11,North,Gadget,6,29.0
79393,2024-01-11,West,Doohickey,9,19.99
83101,2024-01-11,East,Widget,6,14.5
11955,2024-01-11,South,Contraption,8,39.0
30108,2024-01-11,West,Gadget,4,29.0
86468,2024-01-11,North,Contraption,11,39.0
96058,2024-01-11,North,Thingamajig,9,9.99
42403,2024-01-11,East,Gadget,10,29.0
97758,2024-01-11,North,Doohickey,11,19.99
81168,2024-01-11,West,Doohickey,11,19.99
10368,2024-01-11,South,Widget,7,14.5
86930,2024-01-11,West,Widget,4,14.5
25982,2024-01-11,East,Gadget,9,29.0
47700,2024-01-11,East,Contraption,8,39.0
40019,2024-01-11,East,Doohickey,3,19.99
64273,2024-01-11,East,Widget,11,14.5
73493,2024-01-12,East,Thingamajig,9,9.99
81589,2024-01-12,East,Gadget,2,29.0
88167,2024-01-12,East,Thingamajig,8,9.99
90032,2024-01-12,West,Contraption,5,39.0
20445,2024-01-12,North,Thingamajig,9,9.99
34202,2024-01-12,West,Doohickey,4,19.99
59108,2024-01-12,East,Doohickey,10,19.99
36510,2024-01-12,North,Thingamajig,3,9.99
41223,2024-01-12,East,Widget,11,14.5
96447,2024-01-12,East,Contraption,3,39.0
69671,2024-01-12,West,Widget,6,14.5
34860,2024-01-12,South,Doohickey,3,19.99
52676,2024-01-12,West,Gadget,11,29.0
38413,2024-01-12,East,Thingamajig,9,9.99
48958,2024-01-12,West,Widget,4,14.5
31843,2024-01-12,South,Contraption,8,39.0
67380,2024-01-12,North,Doohickey,6,19.99
66955,2024-01-12,North,Contraption,7,39.0
48279,2024-01-12,East,Doohickey,5,19.99
42855,2024-01-12,South,Widget,5,14.5
94120,2024-01-12,East,Gadget,10,29.0
42722,2024-01-13,West,Contraption,3,39.0
32044,2024-01-13,West,Gadget,2,29.0
89784,2024-01-13,West,Contraption,10,39.0
54907,2024-01-13,North,Contraption,10,39.0
43413,2024-01-13,North,Thingamajig,9,9.99
18957,2024-01-13,North,Gadget,5,29.0
83170,2024-01-13,East,Thingamajig,9,9.99
15631,2024-01-13,South,Thingamajig,7,9.99
40381,2024-01-13,North,Widget,2,14.5
90017,2024-01-13,South,Widget,4,14.5
24352,2024-01-13,South,Contraption,7,39.0
79091,2024-01-13,West,Doohickey,6,19.99
86809,2024-01-13,South,Doohickey,1,19.99
71952,2024-01-14,South,Widget,1,14.5
73713,2024-01-14,West,Doohickey,3,19.99
50244,2024-01-14,East,Widget,1,14.5
12547,2024-01-14,West,Doohickey,8,19.99
50333,2024-01-14,South,Widget,6,14.5
45561,2024-01-14,East,Doohickey,7,19.99
75930,2024-01-14,West,Gadget,4,29.0
24365,2024-01-14,West,Doohickey,8,19.99
46711,2024-01-14,West,Gadget,6,29.0
55867,2024-01-14,North,Gadget,10,29.0
33357,2024-01-14,West,Doohickey,8,19.99
30399,2024-01-14,North,Widget,2,14.5
82217,2024-01-14,West,Widget,6,14.5
39277,2024-01-14,West,Widget,7,14.5
42466,2024-01-15,North,Doohickey,9,19.99
99119,2024-01-15,West,Thingamajig,4,9.99
41856,2024-01-15,East,Widget,3,14.5
41202,2024-01-15,North,Widget,4,14.5
61586,2024-01-15,West,Widget,7,14.5
73899,2024-01-15,East,Gadget,6,29.0
81721,2024-01-15,North,Doohickey,6,19.99
46626,2024-01-15,North,Widget,11,14.5
91929,2024-01-15,West,Thingamajig,11,9.99
58890,2024-01-15,South,Thingamajig,2,9.99
30401,2024-01-15,West,Widget,4,14.5
67585,2024-01-15,West,Gadget,4,29.0
78689,2024-01-15,East,Gadget,4,29.0
81328,2024-01-16,South,Doohickey,4,19.99
44022,2024-01-16,East,Gadget,4,29.0
50537,2024-01-16,North,Doohickey,9,19.99
17983,2024-01-16,North,Widget,10,14.5
25784,2024-01-16,South,Widget,4,14.5
79757,2024-01-16,West,Gadget,10,29.0
91866,2024-01-16,West,Doohickey,8,19.99
12888,2024-01-16,North,Widget,4,14.5
21530,2024-01-16,North,Gadget,3,29.0
74538,2024-01-16,North,Doohickey,11,19.99
64572,2024-01-16,East,Widget,6,14.5
61379,2024-01-16,West,Widget,9,14.5
21714,2024-01-16,South,Thingamajig,7,9.99
95049,2024-01-16,West,Contraption,11,39.0
54613,2024-01-16,North,Widget,8,14.5
51375,2024-01-16,East,Widget,10,14.5
47222,2024-01-17,South,Doohickey,2,19.99
88623,2024-01-17,West,Gadget,10,29.0
83870,2024-01-17,North,Widget,4,14.5
10999,2024-01-17,North,Gadget,11,29.0
53196,2024-01-17,East,Gadget,11,29.0
36984,2024-01-17,West,Gadget,11,29.0
63904,2024-01-17,North,Widget,3,14.5
21396,2024-01-17,South,Doohickey,2,19.99
43154,2024-01-17,West,Thingamajig,11,9.99
40146,2024-01-17,North,Doohickey,7,19.99
95133,2024-01-17,South,Doohickey,8,19.99
39645,2024-01-17,North,Contraption,10,39.0
33230,2024-01-18,South,Contraption,8,39.0
83671,2024-01-18,West,Widget,11,14.5
78362,2024-01-18,West,Widget,7,14.5
61864,2024-01-18,West,Contraption,7,39.0
23206,2024-01-18,East,Contraption,4,39.0
96581,2024-01-18,South,Contraption,6,39.0
95826,2024-01-18,East,Gadget,8,29.0
83471,2024-01-18,North,Gadget,7,29.0
98334,2024-01-18,East,Contraption,4,39.0
98932,2024-01-18,South,Gadget,9,29.0
57134,2024-01-18,South,Contraption,4,39.0
39193,2024-01-18,North,Widget,4,14.5
10686,2024-01-18,North,Thingamajig,6,9.99
68762,2024-01-18,South,Thingamajig,9,9.99
90358,2024-01-19,South,Gadget,3,29.0
36196,2024-01-19,East,Gadget,9,29.0
95328,2024-01-19,West,Thingamajig,2,9.99
28541,2024-01-19,North,Contraption,10,39.0
82301,2024-01-19,North,Contraption,6,39.0
36249,2024-01-19,North,Doohickey,4,19.99
46829,2024-01-19,South,Thingamajig,3,9.99
40303,2024-01-19,North,Gadget,7,29.0
71195,2024-01-19,North,Widget,8,14.5
82176,2024-01-19,South,Doohickey,3,19.99
86876,2024-01-19,East,Doohickey,5,19.99
56525,2024-01-19,South,Widget,3,14.5
78366,2024-01-19,South,Thingamajig,3,9.99
36487,2024-01-19,West,Contraption,10,39.0
26113,2024-01-19,East,Doohickey,9,19.99
20161,2024-01-20,North,Doohickey,8,19.99
60050,2024-01-20,North,Doohickey,9,19.99
74295,2024-01-20,South,Thingamajig,3,9.99
20435,2024-01-20,East,Thingamajig,8,9.99
54898,2024-01-20,North,Thingamajig,8,9.99
84113,2024-01-20,East,Gadget,11,29.0
57390,2024-01-20,East,Gadget,7,29.0
94262,2024-01-20,South,Gadget,5,29.0
12024,2024-01-20,East,Doohickey,10,19.99
50194,2024-01-20,South,Thingamajig,5,9.99
84836,2024-01-20,North,Doohickey,1,19.99
70439,2024-01-20,West,Gadget,3,29.0
89855,2024-01-20,South,Doohickey,8,19.99
46070,2024-01-20,West,Widget,9,14.5
44355,2024-01-20,South,Contraption,5,39.0
53607,2024-01-20,North,Contraption,8,39.0
75757,2024-01-20,South,Thingamajig,11,9.99
90708,2024-01-21,East,Thingamajig,11,9.99
56479,2024-01-21,East,Doohickey,4,19.99
36780,2024-01-21,East,Thingamajig,11,9.99
36081,2024-01-21,South,Gadget,3,29.0
35129,2024-01-21,North,Thingamajig,11,9.99
88466,2024-01-21,East,Widget,8,14.5
20399,2024-01-21,North,Thingamajig,7,9.99
87320,2024-01-21,West,Doohickey,9,19.99
71133,2024-01-21,South,Contraption,3,39.0
17555,2024-01-21,North,Gadget,11,29.0
15213,2024-01-21,West,Contraption,11,39.0
10856,2024-01-21,North,Contraption,4,39.0
70362,2024-01-21,South,Thingamajig,5,9.99
51174,2024-01-21,South,Widget,11,14.5
93111,2024-01-21,East,Gadget,11,29.0
58693,2024-01-22,North,Thingamajig,11,9.99
93059,2024-01-22,North,Gadget,8,29.0
37980,2024-01-22,North,Widget,8,14.5
49259,2024-01-22,North,Widget,8,14.5
40209,2024-01-22,South,Contraption,7,39.0
73470,2024-01-22,West,Doohickey,6,19.99
90174,2024-01-22,East,Doohickey,6,19.99
31748,2024-01-22,North,Contraption,6,39.0
37204,2024-01-22,West,Gadget,9,29.0
15894,2024-01-23,East,Contraption,11,39.0
51073,2024-01-23,North,Widget,11,14.5
87436,2024-01-23,South,Thingamajig,4,9.99
46417,2024-01-23,West,Contraption,1,39.0
46464,2024-01-23,South,Doohickey,11,19.99
11443,2024-01-23,North,Doohickey,6,19.99
19916,2024-01-23,South,Thingamajig,3,9.99
52949,2024-01-23,South,Widget,5,14.5
67121,2024-01-23,North,Doohickey,9,19.99
50773,2024-01-23,East,Gadget,8,29.0
28730,2024-01-23,East,Doohickey,8,19.99
52020,2024-01-23,East,Gadget,3,29.0
53941,2024-01-23,West,Doohickey,1,19.99
60366,2024-01-23,East,Doohickey,6,19.99
65699,2024-01-23,South,Widget,7,14.5
92512,2024-01-24,North,Contraption,9,39.0
40069,2024-01-24,South,Widget,4,14.5
10780,2024-01-24,North,Gadget,2,29.0
25155,2024-01-24,East,Doohickey,9,19.99
77760,2024-01-24,West,Thingamajig,6,9.99
83071,2024-01-24,West,Widget,10,14.5
48832,2024-01-24,North,Doohickey,8,19.99
84094,2024-01-24,North,Widget,10,14.5
60390,2024-01-25,North,Contraption,6,39.0
71108,2024-01-25,East,Contraption,4,39.0
11791,2024-01-25,West,Widget,11,14.5
71201,2024-01-25,East,Contraption,4,39.0
31819,2024-01-25,East,Gadget,6,29.0
45700,2024-01-25,West,Widget,6,14.5
76200,2024-01-25,West,Widget,8,14.5
40582,2024-01-25,North,Widget,6,14.5
51094,2024-01-25,East,Widget,11,14.5
15409,2024-01-25,South,Thingamajig,8,9.99
43707,2024-01-25,West,Thingamajig,10,9.99
65866,2024-01-25,South,Widget,3,14.5
26165,2024-01-25,North,Widget,5,14.5
71206,2024-01-25,East,Widget,1,14.5
85558,2024-01-25,East,Widget,1,14.5
84206,2024-01-25,West,Contraption,7,39.0
41049,2024-01-25,South,Thingamajig,3,9.99
14816,2024-01-26,East,Thingamajig,7,9.99
56765,2024-01-26,East,Widget,6,14.5
81166,2024-01-26,South,Contraption,3,39.0
37301,2024-01-26,East,Gadget,6,29.0
73878,2024-01-26,South,Widget,2,14.5
55665,2024-01-26,North,Gadget,10,29.0
58015,2024-01-26,South,Doohickey,11,19.99
87497,2024-01-26,North,Doohickey,1,19.99
41960,2024-01-26,South,Gadget,11,29.0
11714,2024-01-26,North,Gadget,7,29.0
77055,2024-01-26,East,Contraption,10,39.0
76420,2024-01-26,West,Widget,4,14.5
69941,2024-01-26,East,Thingamajig,9,9.99
92002,2024-01-26,East,Widget,3,14.5
86269,2024-01-26,East,Thingamajig,3,9.99
30412,2024-01-26,South,Widget,9,14.5
18953,2024-01-26,East,Contraption,1,39.0
57017,2024-01-27,North,Gadget,8,29.0
36187,2024-01-27,North,Widget,10,14.5
99704,2024-01-27,East,Thingamajig,4,9.99
88811,2024-01-27,West,Doohickey,9,19.99
77671,2024-01-27,South,Widget,11,14.5
84715,2024-01-27,North,Gadget,10,29.0
16696,2024-01-27,West,Gadget,6,29.0
79983,2024-01-27,North,Thingamajig,4,9.99
28047,2024-01-27,North,Doohickey,2,19.99
89512,2024-01-27,North,Doohickey,6,19.99
39017,2024-01-28,South,Contraption,7,39.0
61328,2024-01-28,North,Contraption,9,39.0
50006,2024-01-28,East,Widget,8,14.5
25670,2024-01-28,East,Thingamajig,1,9.99
16884,2024-01-28,West,Widget,6,14.5
98934,2024-01-28,West,Thingamajig,9,9.99
39910,2024-01-28,South,Contraption,6,39.0
92738,2024-01-28,North,Doohickey,6,19.99
98239,2024-01-28,South,Widget,5,14.5
48502,2024-01-28,West,Gadget,1,29.0
41705,2024-01-28,North,Thingamajig,11,9.99
46255,2024-01-29,North,Contraption,9,39.0
18316,2024-01-29,West,Gadget,6,29.0
85447,2024-01-29,East,Thingamajig,11,9.99
42499,2024-01-29,South,Thingamajig,3,9.99
65183,2024-01-29,North,Thingamajig,6,9.99
14333,2024-01-29,South,Gadget,2,29.0
53319,2024-01-29,East,Thingamajig,6,9.99
67180,2024-01-29,North,Gadget,5,29.0
78080,2024-01-29,East,Widget,8,14.5
25758,2024-01-29,West,Doohickey,1,19.99
25031,2024-01-30,North,Thingamajig,7,9.99
89574,2024-01-30,South,Contraption,10,39.0
46057,2024-01-30,North,Doohickey,9,19.99
78747,2024-01-30,West,Gadget,8,29.0
95018,2024-01-30,North,Doohickey,3,19.99
36884,2024-01-30,East,Gadget,11,29.0
55327,2024-01-30,North,Contraption,8,39.0
36779,2024-01-30,North,Contraption,2,39.0
78676,2024-01-30,North,Doohickey,1,19.99
38646,2024-01-30,West,Widget,1,14.5
99468,2024-01-30,North,Contraption,9,39.0
42798,2024-01-30,East,Contraption,10,39.0
56373,2024-01-31,South,Doohickey,4,19.99
54440,2024-01-31,North,Thingamajig,11,9.99
66123,2024-01-31,East,Contraption,5,39.0
44376,2024-01-31,North,Gadget,7,29.0
72661,2024-01-31,East,Contraption,7,39.0
49789,2024-01-31,West,Gadget,1,29.0
32939,2024-01-31,East,Gadget,2,29.0
15946,2024-01-31,East,Thingamajig,10,9.99
97463,2024-01-31,South,Thingamajig,11,9.99
95842,2024-01-31,North,Doohickey,8,19.99
37316,2024-01-31,North,Contraption,6,39.0
70382,2024-01-31,West,Contraption,5,39.0
59073,2024-02-01,West,Widget,9,14.5
16088,2024-02-01,East,Thingamajig,8,9.99
38128,2024-02-01,South,Widget,7,14.5
35575,2024-02-01,West,Contraption,1,39.0
62662,2024-02-01,East,Widget,9,14.5
73800,2024-02-01,East,Doohickey,9,19.99
62120,2024-02-01,South,Thingamajig,10,9.99
78651,2024-02-01,West,Thingamajig,10,9.99
98667,2024-02-01,West,Widget,3,14.5
52999,2024-02-01,East,Contraption,2,39.0
69418,2024-02-02,North,Gadget,7,29.0
40589,2024-02-02,South,Widget,7,14.5
44045,2024-02-02,South,Gadget,11,29.0
27574,2024-02-02,South,Gadget,3,29.0
82974,2024-02-02,North,Contraption,3,39.0
22770,2024-02-02,West,Contraption,10,39.0
70148,2024-02-02,North,Doohickey,2,19.99
22580,2024-02-02,West,Contraption,6,39.0
91768,2024-02-02,North,Thingamajig,6,9.99
89842,2024-02-02,North,Widget,10,14.5
71487,2024-02-02,East,Gadget,4,29.0
91932,2024-02-02,West,Contraption,6,39.0
88617,2024-02-02,West,Contraption,11,39.0
68362,2024-02-02,East,Widget,1,14.5
81453,2024-02-03,North,Doohickey,4,19.99
90693,2024-02-03,West,Contraption,6,39.0
64377,2024-02-03,South,Thingamajig,5,9.99
50718,2024-02-03,West,Widget,10,14.5
72945,2024-02-03,South,Widget,11,14.5
13553,2024-02-03,East,Thingamajig,3,9.99
14545,2024-02-03,West,Contraption,9,39.0
48050,2024-02-03,West,Doohickey,1,19.99
37018,2024-02-03,North,Doohickey,6,19.99
48083,2024-02-03,South,Contraption,2,39.0
29910,2024-02-03,North,Thingamajig,9,9.99
15434,2024-02-03,North,Doohickey,2,19.99
27257,2024-02-03,East,Widget,10,14.5
96748,2024-02-03,North,Gadget,4,29.0
73221,2024-02-03,East,Gadget,4,29.0
33920,2024-02-03,South,Gadget,9,29.0
31218,2024-02-03,East,Doohickey,6,19.99
73409,2024-02-04,South,Widget,4,14.5
58622,2024-02-04,East,Doohickey,6,19.99
19562,2024-02-04,East,Gadget,3,29.0
61743,2024-02-04,West,Doohickey,3,19.99
97821,2024-02-04,South,Doohickey,11,19.99
73314,2024-02-04,West,Gadget,6,29.0
58141,2024-02-04,South,Doohickey,10,19.99
42375,2024-02-04,North,Thingamajig,6,9.99
34673,2024-02-04,East,Contraption,11,39.0
83942,2024-02-04,South,Widget,8,14.5
10600,2024-02-04,West,Widget,6,14.5
22283,2024-02-04,West,Gadget,4,29.0
78047,2024-02-04,West,Thingamajig,11,9.99
69235,2024-02-04,East,Gadget,5,29.0
96573,2024-02-04,West,Thingamajig,10,9.99
78239,2024-02-04,South,Thingamajig,7,9.99
78763,2024-02-04,North,Widget,7,14.5
47661,2024-02-04,North,Widget,4,14.5
35176,2024-02-04,North,Doohickey,10,19.99
96334,2024-02-04,West,Contraption,10,39.0
98712,2024-02-05,East,Doohickey,11,19.99
80477,2024-02-05,West,Doohickey,2,19.99
26221,2024-02-05,East,Doohickey,7,19.99
88389,2024-02-05,East,Contraption,7,39.0
77229,2024-02-05,West,Widget,7,14.5
69496,2024-02-05,South,Gadget,11,29.0
78764,2024-02-05,North,Widget,1,14.5
17363,2024-02-05,South,Gadget,7,29.0
80445,2024-02-05,North,Widget,1,14.5
43691,2024-02-05,South,Contraption,7,39.0
25687,2024-02-05,West,Contraption,6,39.0
93727,2024-02-05,North,Thingamajig,2,9.99
29890,2024-02-05,South,Gadget,10,29.0
87131,2024-02-05,South,Contraption,9,39.0
72013,2024-02-05,East,Contraption,7,39.0
29456,2024-02-05,East,Widget,2,14.5
47255,2024-02-05,South,Thingamajig,2,9.99
84819,2024-02-06,East,Gadget,10,29.0
49638,2024-02-06,North,Doohickey,5,19.99
61330,2024-02-06,West,Widget,9,14.5
64045,2024-02-06,North,Gadget,8,29.0
28575,2024-02-06,West,Doohickey,10,19.99
45499,2024-02-06,West,Thingamajig,10,9.99
69654,2024-02-06,West,Widget,3,14.5
14593,2024-02-06,East,Thingamajig,6,9.99
11573,2024-02-06,West,Widget,9,14.5
26872,2024-02-06,West,Widget,3,14.5
26181,2024-02-06,North,Contraption,11,39.0
40569,2024-02-06,East,Widget,9,14.5
98505,2024-02-06,West,Gadget,4,29.0
64649,2024-02-06,North,Contraption,2,39.0
89961,2024-02-07,West,Widget,5,14.5
21791,2024-02-07,West,Doohickey,11,19.99
28879,2024-02-07,East,Doohickey,11,19.99
69547,2024-02-07,East,Gadget,5,29.0
35417,2024-02-07,North,Thingamajig,5,9.99
57988,2024-02-07,North,Contraption,6,39.0
91251,2024-02-07,West,Contraption,4,39.0
18289,2024-02-07,West,Gadget,5,29.0
52922,2024-02-07,South,Doohickey,11,19.99
91166,2024-02-07,East,Contraption,1,39.0
45329,2024-02-07,East,Contraption,10,39.0
92129,2024-02-07,South,Contraption,4,39.0
67470,2024-02-07,South,Widget,7,14.5
95005,2024-02-07,East,Doohickey,4,19.99
46219,2024-02-07,East,Doohickey,2,19.99
20139,2024-02-07,North,Widget,1,14.5
30538,2024-02-07,East,Doohickey,5,19.99
62176,2024-02-07,South,Thingamajig,11,9.99
48087,2024-02-07,West,Gadget,10,29.0
79931,2024-02-08,East,Thingamajig,11,9.99
37255,2024-02-08,South,Gadget,10,29.0
30192,2024-02-08,East,Gadget,7,29.0
43161,2024-02-08,East,Thingamajig,8,9.99
39662,2024-02-08,West,Gadget,2,29.0
71680,2024-02-08,West,Thingamajig,9,9.99
82128,2024-02-08,North,Doohickey,5,19.99
89152,2024-02-08,South,Contraption,9,39.0
88770,2024-02-08,North,Thingamajig,9,9.99
28340,2024-02-08,North,Widget,9,14.5
96998,2024-02-08,West,Doohickey,1,19.99
94289,2024-02-09,West,Gadget,1,29.0
39563,2024-02-09,North,Contraption,7,39.0
75968,2024-02-09,South,Thingamajig,2,9.99
23264,2024-02-09,North,Doohickey,10,19.99
49287,2024-02-09,West,Thingamajig,9,9.99
19766,2024-02-09,South,Gadget,10,29.0
93222,2024-02-09,South,Widget,1,14.5
96158,2024-02-09,East,Gadget,7,29.0
69942,2024-02-09,West,Gadget,5,29.0
86044,2024-02-09,North,Gadget,6,29.0
86407,2024-02-09,North,Doohickey,7,19.99
66002,2024-02-09,North,Doohickey,6,19.99
72722,2024-02-09,South,Widget,6,14.5
92426,2024-02-09,South,Contraption,8,39.0
81277,2024-02-09,South,Doohickey,5,19.99
33763,2024-02-09,West,Gadget,3,29.0
25680,2024-02-10,North,Doohickey,3,19.99
37437,2024-02-10,North,Contraption,9,39.0
86654,2024-02-10,North,Widget,7,14.5
67867,2024-02-10,West,Thingamajig,4,9.99
56101,2024-02-10,North,Gadget,11,29.0
88526,2024-02-10,East,Doohickey,3,19.99
84195,2024-02-10,West,Doohickey,7,19.99
92702,2024-02-10,East,Gadget,3,29.0
49816,2024-02-10,North,Contraption,10,39.0
82731,2024-02-10,South,Doohickey,3,19.99
75402,2024-02-10,East,Doohickey,7,19.99
67796,2024-02-10,East,Contraption,5,39.0
55053,2024-02-11,North,Thingamajig,11,9.99
59661,2024-02-11,East,Thingamajig,2,9.99
92165,2024-02-11,South,Contraption,6,39.0
89665,2024-02-11,North,Thingamajig,8,9.99
56191,2024-02-11,South,Gadget,7,29.0
15278,2024-02-11,South,Widget,4,14.5
98187,2024-02-11,West,Contraption,11,39.0
32859,2024-02-11,West,Contraption,9,39.0
72072,2024-02-11,West,Contraption,9,39.0
65948,2024-02-11,South,Thingamajig,4,9.99
57791,2024-02-11,West,Contraption,3,39.0
79425,2024-02-11,East,Widget,2,14.5
32413,2024-02-11,North,Doohickey,2,19.99
86079,2024-02-11,South,Doohickey,4,19.99
55732,2024-02-11,South,Thingamajig,6,9.99
51472,2024-02-12,South,Gadget,1,29.0
88876,2024-02-12,West,Doohickey,7,19.99
43637,2024-02-12,West,Doohickey,5,19.99
34068,2024-02-12,East,Gadget,9,29.0
58558,2024-02-12,West,Thingamajig,11,9.99
16253,2024-02-12,East,Widget,10,14.5
73880,2024-02-12,East,Thingamajig,11,9.99
90428,2024-02-12,West,Widget,3,14.5
78765,2024-02-12,West,Contraption,4,39.0
75313,2024-02-12,West,Gadget,4,29.0
19551,2024-02-12,West,Doohickey,3,19.99
82436,2024-02-12,East,Doohickey,9,19.99
27655,2024-02-12,South,Widget,2,14.5
69975,2024-02-12,North,Doohickey,3,19.99
49960,2024-02-12,West,Doohickey,1,19.99
60383,2024-02-12,North,Doohickey,8,19.99
23653,2024-02-13,West,Contraption,8,39.0
17246,2024-02-13,West,Doohickey,11,19.99
96024,2024-02-13,North,Gadget,2,29.0
72468,2024-02-13,West,Doohickey,9,19.99
77187,2024-02-13,South,Doohickey,9,19.99
10281,2024-02-13,North,Contraption,10,39.0
35153,2024-02-13,South,Doohickey,2,19.99
72945,2024-02-13,North,Widget,9,14.5
49980,2024-02-13,South,Doohickey,3,19.99
68323,2024-02-13,East,Contraption,11,39.0
70077,2024-02-13,South,Gadget,6,29.0
69900,2024-02-13,North,Doohickey,7,19.99
10748,2024-02-13,East,Widget,2,14.5
20754,2024-02-13,South,Thingamajig,1,9.99
25136,2024-02-14,West,Doohickey,6,19.99
63240,2024-02-14,East,Doohickey,9,19.99
17027,2024-02-14,North,Contraption,3,39.0
26593,2024-02-14,East,Contraption,11,39.0
62582,2024-02-14,South,Contraption,8,39.0
50769,2024-02-14,West,Contraption,7,39.0
57322,2024-02-14,West,Thingamajig,1,9.99
41327,2024-02-14,East,Thingamajig,2,9.99
68337,2024-02-14,West,Gadget,10,29.0
98729,2024-02-14,South,Widget,6,14.5
24514,2024-02-14,South,Contraption,4,39.0
40979,2024-02-14,North,Thingamajig,9,9.99
71861,2024-02-14,North,Doohickey,10,19.99
82992,2024-02-14,East,Doohickey,7,19.99
26395,2024-02-14,East,Contraption,7,39.0
45085,2024-02-14,North,Widget,6,14.5
89226,2024-02-15,East,Gadget,7,29.0
67353,2024-02-15,East,Thingamajig,7,9.99
83073,2024-02-15,West,Contraption,2,39.0
23925,2024-02-15,East,Gadget,6,29.0
17980,2024-02-15,East,Thingamajig,9,9.99
38061,2024-02-15,East,Thingamajig,7,9.99
61496,2024-02-15,West,Widget,10,14.5
35326,2024-02-15,South,Widget,2,14.5
41468,2024-02-15,North,Doohickey,11,19.99
72747,2024-02-15,South,Widget,7,14.5
89387,2024-02-15,East,Thingamajig,4,9.99
43724,2024-02-15,North,Contraption,7,39.0
85779,2024-02-15,East,Contraption,6,39.0
86465,2024-02-15,South,Doohickey,1,19.99
93322,2024-02-15,North,Doohickey,10,19.99
50358,2024-02-16,East,Thingamajig,10,9.99
76378,2024-02-16,East,Contraption,11,39.0
17528,2024-02-16,West,Doohickey,9,19.99
69311,2024-02-16,East,Contraption,4,39.0
36712,2024-02-16,West,Doohickey,2,19.99
29221,2024-02-16,North,Gadget,10,29.0
92635,2024-02-17,North,Gadget,7,29.0
17748,2024-02-17,South,Thingamajig,8,9.99
52179,2024-02-17,West,Gadget,4,29.0
83584,2024-02-17,East,Contraption,7,39.0
31127,2024-02-17,South,Contraption,4,39.0
30929,2024-02-17,West,Doohickey,10,19.99
12237,2024-02-17,South,Widget,7,14.5
31846,2024-02-17,South,Doohickey,5,19.99
39262,2024-02-17,West,Thingamajig,3,9.99
28047,2024-02-17,North,Widget,8,14.5
39702,2024-02-17,South,Contraption,2,39.0
66111,2024-02-17,West,Thingamajig,3,9.99
38253,2024-02-17,South,Doohickey,3,19.99
93128,2024-02-17,East,Contraption,10,39.0
88067,2024-02-17,South,Gadget,3,29.0
36355,2024-02-17,North,Widget,1,14.5
29928,2024-02-18,South,Gadget,4,29.0
78262,2024-02-18,West,Contraption,11,39.0
60056,2024-02-18,West,Contraption,11,39.0
62528,2024-02-18,South,Gadget,3,29.0
19195,2024-02-18,East,Contraption,4,39.0
12859,2024-02-18,West,Thingamajig,5,9.99
68608,2024-02-18,South,Doohickey,1,19.99
23743,2024-02-18,North,Gadget,6,29.0
51935,2024-02-18,North,Doohickey,3,19.99
67557,2024-02-18,West,Thingamajig,6,9.99
21760,2024-02-18,South,Doohickey,6,19.99
94243,2024-02-18,West,Widget,10,14.5
80139,2024-02-18,East,Widget,7,14.5
85322,2024-02-18,East,Doohickey,2,19.99
18832,2024-02-18,North,Contraption,10,39.0
27499,2024-02-18,South,Doohickey,10,19.99
76206,2024-02-19,South,Contraption,11,39.0
88736,2024-02-19,South,Contraption,5,39.0
90806,2024-02-19,East,Thingamajig,2,9.99
64761,2024-02-19,East,Gadget,10,29.0
26381,2024-02-19,West,Gadget,5,29.0
82115,2024-02-19,West,Thingamajig,4,9.99
41443,2024-02-19,South,Doohickey,9,19.99
35383,2024-02-19,West,Contraption,5,39.0
35206,2024-02-19,West,Doohickey,3,19.99
38756,2024-02-19,West,Widget,1,14.5
98859,2024-02-20,West,Widget,4,14.5
42119,2024-02-20,South,Doohickey,5,19.99
99150,2024-02-20,West,Gadget,1,29.0
41238,2024-02-20,West,Contraption,3,39.0
24293,2024-02-20,South,Thingamajig,11,9.99
71722,2024-02-20,West,Thingamajig,2,9.99
87473,2024-02-20,North,Thingamajig,2,9.99
35032,2024-02-20,West,Doohickey,8,19.99
98274,2024-02-20,West,Contraption,4,39.0
14771,2024-02-20,West,Doohickey,5,19.99
72813,2024-02-20,West,Doohickey,1,19.99
23463,2024-02-20,North,Doohickey,7,19.99
75869,2024-02-20,South,Doohickey,2,19.99
73087,2024-02-20,West,Contraption,2,39.0
42112,2024-02-20,West,Doohickey,2,19.99
21732,2024-02-20,East,Thingamajig,2,9.99
27140,2024-02-20,West,Doohickey,10,19.99
13383,2024-02-20,East,Doohickey,1,19.99
91602,2024-02-20,West,Thingamajig,6,9.99
99810,2024-02-21,South,Doohickey,3,19.99
56007,2024-02-21,North,Thingamajig,6,9.99
74694,2024-02-21,East,Widget,11,14.5
57635,2024-02-21,East,Contraption,7,39.0
81521,2024-02-21,West,Doohickey,3,19.99
32890,2024-02-21,South,Contraption,6,39.0
55351,2024-02-21,West,Doohickey,3,19.99
58326,2024-02-21,South,Gadget,6,29.0
13091,2024-02-21,East,Doohickey,2,19.99
32913,2024-02-21,North,Contraption,9,39.0
66773,2024-02-21,South,Widget,7,14.5
84158,2024-02-21,West,Widget,2,14.5
89526,2024-02-22,East,Widget,6,14.5
26089,2024-02-22,East,Thingamajig,11,9.99
16508,2024-02-22,West,Gadget,2,29.0
60737,2024-02-22,West,Gadget,10,29.0
86543,2024-02-22,South,Thingamajig,1,9.99
88808,2024-02-22,North,Contraption,4,39.0
20742,2024-02-22,East,Widget,2,14.5
86500,2024-02-22,North,Gadget,1,29.0
92266,2024-02-22,South,Gadget,3,29.0
13488,2024-02-22,East,Gadget,6,29.0
78718,2024-02-22,West,Gadget,11,29.0
28928,2024-02-22,West,Thingamajig,1,9.99
83888,2024-02-22,West,Gadget,8,29.0
33977,2024-02-22,West,Widget,10,14.5
70652,2024-02-22,South,Thingamajig,3,9.99
32668,2024-02-22,East,Doohickey,8,19.99
64523,2024-02-22,East,Gadget,1,29.0
69432,2024-02-22,West,Doohickey,6,19.99
58980,2024-02-23,South,Thingamajig,10,9.99
67716,2024-02-23,West,Contraption,3,39.0
96553,2024-02-23,South,Gadget,11,29.0
38807,2024-02-23,North,Thingamajig,3,9.99
10626,2024-02-23,South,Widget,2,14.5
75712,2024-02-23,North,Gadget,7,29.0
38220,2024-02-23,East,Thingamajig,3,9.99
30041,2024-02-23,East,Thingamajig,8,9.99
50470,2024-02-23,West,Doohickey,9,19.99
71603,2024-02-23,North,Thingamajig,3,9.99
12655,2024-02-23,West,Thingamajig,11,9.99
29115,2024-02-23,East,Contraption,9,39.0
98541,2024-02-23,East,Contraption,7,39.0
61735,2024-02-23,West,Thingamajig,11,9.99
58619,2024-02-23,East,Doohickey,10,19.99
33734,2024-02-23,South,Doohickey,7,19.99
66162,2024-02-23,East,Thingamajig,1,9.99
23692,2024-02-24,East,Thingamajig,4,9.99
37177,2024-02-24,East,Thingamajig,9,9.99
99835,2024-02-24,East,Contraption,3,39.0
41878,2024-02-24,North,Widget,9,14.5
37133,2024-02-24,West,Widget,1,14.5
87906,2024-02-24,West,Thingamajig,3,9.99
37299,2024-02-24,South,Doohickey,5,19.99
49218,2024-02-24,East,Thingamajig,6,9.99
59236,2024-02-24,South,Gadget,7,29.0
13205,2024-02-24,West,Gadget,10,29.0
56361,2024-02-25,East,Contraption,10,39.0
35076,2024-02-25,South,Doohickey,11,19.99
27292,2024-02-25,North,Widget,4,14.5
96174,2024-02-25,East,Contraption,10,39.0
53067,2024-02-25,North,Contraption,5,39.0
88202,2024-02-25,East,Doohickey,2,19.99
57851,2024-02-25,North,Gadget,3,29.0
62234,2024-02-25,South,Doohickey,8,19.99
71821,2024-02-25,North,Widget,11,14.5
60153,2024-02-25,North,Thingamajig,4,9.99
44622,2024-02-25,East,Gadget,3,29.0
92216,2024-02-25,East,Contraption,5,39.0
56648,2024-02-25,North,Widget,2,14.5
57189,2024-02-25,North,Contraption,4,39.0
81168,2024-02-25,North,Thingamajig,7,9.99
61758,2024-02-25,North,Thingamajig,6,9.99
35655,2024-02-25,North,Doohickey,9,19.99
46120,2024-02-25,South,Thingamajig,7,9.99
81217,2024-02-25,East,Contraption,2,39.0
16884,2024-02-26,East,Contraption,6,39.0
43844,2024-02-26,East,Doohickey,1,19.99
26956,2024-02-26,North,Contraption,9,39.0
71326,2024-02-26,West,Contraption,10,39.0
32150,2024-02-26,East,Gadget,5,29.0
29463,2024-02-26,East,Contraption,10,39.0
84095,2024-02-26,South,Thingamajig,3,9.99
34074,2024-02-26,East,Thingamajig,7,9.99
26477,2024-02-26,North,Thingamajig,10,9.99
63923,2024-02-26,South,Contraption,4,39.0
80138,2024-02-26,South,Gadget,6,29.0
37231,2024-02-27,West,Contraption,8,39.0
51576,2024-02-27,North,Gadget,11,29.0
41896,2024-02-27,North,Gadget,7,29.0
93144,2024-02-27,South,Widget,5,14.5
46846,2024-02-27,East,Thingamajig,2,9.99
45013,2024-02-27,West,Doohickey,9,19.99
85299,2024-02-27,North,Contraption,7,39.0
65612,2024-02-27,South,Thingamajig,1,9.99
72676,2024-02-27,West,Widget,3,14.5
95395,2024-02-27,East,Thingamajig,3,9.99
32344,2024-02-27,East,Widget,11,14.5
62632,2024-02-27,East,Widget,8,14.5
74244,2024-02-27,West,Widget,4,14.5
42917,2024-02-27,East,Thingamajig,9,9.99
13984,2024-02-28,West,Thingamajig,8,9.99
40649,2024-02-28,South,Doohickey,1,19.99
91869,2024-02-28,East,Thingamajig,2,9.99
82923,2024-02-28,South,Contraption,1,39.0
67043,2024-02-28,South,Doohickey,8,19.99
48451,2024-02-28,South,Contraption,10,39.0
47206,2024-02-28,South,Widget,1,14.5
85041,2024-02-28,South,Gadget,5,29.0
58034,2024-02-28,East,Doohickey,8,19.99
98795,2024-02-28,West,Gadget,4,29.0
99963,2024-02-28,East,Thingamajig,9,9.99
43034,2024-02-28,South,Widget,11,14.5
46833,2024-02-28,North,Widget,5,14.5
18292,2024-02-28,North,Thingamajig,6,9.99
70069,2024-02-28,South,Widget,2,14.5
26199,2024-02-29,East,Gadget,3,29.0
57938,2024-02-29,South,Contraption,7,39.0
71302,2024-02-29,West,Gadget,3,29.0
40378,2024-02-29,East,Gadget,3,29.0
56754,2024-02-29,West,Doohickey,9,19.99
59248,2024-02-29,West,Thingamajig,8,9.99
40001,2024-02-29,South,Gadget,4,29.0
20926,2024-02-29,North,Doohickey,9,19.99
47940,2024-02-29,East,Doohickey,3,19.99
54084,2024-02-29,South,Contraption,8,39.0
73920,2024-02-29,South,Doohickey,7,19.99
77661,2024-02-29,North,Contraption,6,39.0
70166,2024-03-01,South,Gadget,1,29.0
46044,2024-03-01,South,Thingamajig,10,9.99
30048,2024-03-01,North,Contraption,6,39.0
89587,2024-03-01,North,Contraption,2,39.0
66828,2024-03-01,North,Contraption,4,39.0
12388,2024-03-01,South,Doohickey,6,19.99
32859,2024-03-01,North,Contraption,8,39.0
78590,2024-03-01,East,Thingamajig,11,9.99
61100,2024-03-01,East,Gadget,1,29.0
88963,2024-03-01,North,Gadget,3,29.0
41191,2024-03-01,North,Doohickey,7,19.99
93893,2024-03-01,East,Gadget,4,29.0
96441,2024-03-02,South,Thingamajig,10,9.99
69374,2024-03-02,North,Widget,3,14.5
46058,2024-03-02,South,Contraption,3,39.0
65002,2024-03-02,West,Widget,6,14.5
74760,2024-03-02,West,Doohickey,8,19.99
31975,2024-03-02,West,Contraption,9,39.0
86884,2024-03-02,South,Doohickey,3,19.99
90091,2024-03-02,South,Doohickey,5,19.99
86723,2024-03-02,West,Contraption,10,39.0
99594,2024-03-02,West,Thingamajig,6,9.99
60125,2024-03-02,West,Widget,10,14.5
36859,2024-03-02,South,Contraption,8,39.0
94181,2024-03-02,West,Gadget,11,29.0
55753,2024-03-02,North,Gadget,10,29.0
53702,2024-03-02,South,Thingamajig,8,9.99
18687,2024-03-03,East,Thingamajig,6,9.99
43855,2024-03-03,South,Doohickey,8,19.99
52884,2024-03-03,North,Widget,3,14.5
29519,2024-03-03,East,Thingamajig,11,9.99
61840,2024-03-03,North,Gadget,3,29.0
23215,2024-03-03,South,Widget,9,14.5
54480,2024-03-03,East,Thingamajig,2,9.99
46248,2024-03-04,West,Doohickey,2,19.99
42206,2024-03-04,East,Widget,1,14.5
67034,2024-03-04,West,Thingamajig,10,9.99
83668,2024-03-04,South,Thingamajig,11,9.99
16283,2024-03-04,North,Doohickey,3,19.99
41533,2024-03-04,West,Widget,11,14.5
86466,2024-03-04,North,Gadget,2,29.0
69102,2024-03-04,East,Gadget,1,29.0
74873,2024-03-04,West,Thingamajig,9,9.99
18246,2024-03-04,West,Widget,9,14.5
77798,2024-03-04,North,Widget,1,14.5
24806,2024-03-04,North,Widget,2,14.5
91833,2024-03-05,East,Thingamajig,5,9.99
91336,2024-03-05,South,Contraption,3,39.0
58780,2024-03-05,East,Doohickey,8,19.99
98998,2024-03-05,East,Gadget,2,29.0
42399,2024-03-05,West,Gadget,10,29.0
72339,2024-03-05,East,Contraption,6,39.0
43320,2024-03-05,East,Widget,6,14.5
43062,2024-03-05,North,Thingamajig,9,9.99
14265,2024-03-05,North,Doohickey,4,19.99
53461,2024-03-05,West,Doohickey,4,19.99
24373,2024-03-05,South,Doohickey,10,19.99
45323,2024-03-05,South,Gadget,2,29.0
55800,2024-03-05,West,Widget,6,14.5
11394,2024-03-05,South,Thingamajig,3,9.99
53837,2024-03-05,South,Doohickey,10,19.99
57622,2024-03-05,West,Thingamajig,6,9.99
77403,2024-03-05,East,Widget,3,14.5
49924,2024-03-05,East,Contraption,1,39.0
61308,2024-03-05,South,Widget,2,14.5
54099,2024-03-06,South,Contraption,9,39.0
33165,2024-03-06,North,Thingamajig,1,9.99
23632,2024-03-06,South,Gadget,10,29.0
58264,2024-03-06,South,Thingamajig,6,9.99
69400,2024-03-06,East,Gadget,8,29.0
59938,2024-03-06,West,Thingamajig,10,9.99
51239,2024-03-06,West,Doohickey,11,19.99
48626,2024-03-06,East,Contraption,8,39.0
41979,2024-03-06,East,Thingamajig,3,9.99
26644,2024-03-06,West,Doohickey,1,19.99
19202,2024-03-06,North,Thingamajig,11,9.99
86642,2024-03-06,South,Doohickey,4,19.99
17632,2024-03-06,North,Contraption,2,39.0
89451,2024-03-06,East,Contraption,9,39.0
84557,2024-03-07,North,Widget,8,14.5
18248,2024-03-07,East,Thingamajig,3,9.99
42760,2024-03-07,South,Contraption,4,39.0
61497,2024-03-07,North,Doohickey,10,19.99
72449,2024-03-07,North,Thingamajig,6,9.99
22230,2024-03-07,West,Thingamajig,8,9.99
39557,2024-03-07,South,Doohickey,11,19.99
95038,2024-03-07,South,Contraption,5,39.0
79348,2024-03-07,South,Widget,4,14.5
85636,2024-03-07,West,Doohickey,11,19.99
71899,2024-03-07,South,Widget,11,14.5
99585,2024-03-07,East,Widget,5,14.5
20020,2024-03-07,East,Widget,10,14.5
68882,2024-03-07,West,Gadget,7,29.0
41132,2024-03-07,East,Thingamajig,2,9.99
56524,2024-03-08,North,Thingamajig,2,9.99
66610,2024-03-08,East,Gadget,9,29.0
88691,2024-03-08,East,Thingamajig,6,9.99
93608,2024-03-08,West,Gadget,8,29.0
87738,2024-03-08,East,Gadget,3,29.0
36752,2024-03-08,South,Widget,4,14.5
94598,2024-03-08,South,Widget,7,14.5
40327,2024-03-08,East,Gadget,10,29.0
97013,2024-03-08,North,Contraption,10,39.0
27249,2024-03-08,South,Thingamajig,2,9.99
29758,2024-03-08,East,Gadget,9,29.0
82139,2024-03-08,South,Contraption,8,39.0
65779,2024-03-08,East,Widget,5,14.5
87015,2024-03-08,North,Gadget,7,29.0
68059,2024-03-08,East,Doohickey,1,19.99
23738,2024-03-08,South,Doohickey,1,19.99
17493,2024-03-09,West,Widget,7,14.5
32982,2024-03-09,South,Gadget,6,29.0
90714,2024-03-09,East,Gadget,11,29.0
98653,2024-03-09,West,Thingamajig,8,9.99
29612,2024-03-09,West,Widget,9,14.5
56638,2024-03-09,South,Thingamajig,7,9.99
24333,2024-03-09,North,Thingamajig,11,9.99
66229,2024-03-09,North,Thingamajig,4,9.99
26150,2024-03-09,North,Contraption,7,39.0
25490,2024-03-09,North,Thingamajig,7,9.99
60201,2024-03-09,West,Contraption,10,39.0
77087,2024-03-09,East,Gadget,1,29.0
46961,2024-03-09,North,Thingamajig,3,9.99
36623,2024-03-09,East,Gadget,3,29.0
10722,2024-03-09,West,Contraption,7,39.0
42932,2024-03-09,North,Gadget,9,29.0
93819,2024-03-09,North,Gadget,10,29.0
64391,2024-03-09,East,Contraption,2,39.0
49607,2024-03-09,East,Thingamajig,1,9.99
70499,2024-03-10,South,Doohickey,9,19.99
19987,2024-03-10,South,Doohickey,11,19.99
28563,2024-03-10,South,Thingamajig,3,9.99
44251,2024-03-10,West,Thingamajig,10,9.99
52043,2024-03-10,South,Widget,4,14.5
16002,2024-03-10,North,Thingamajig,7,9.99
75705,2024-03-10,East,Widget,10,14.5
14845,2024-03-10,West,Doohickey,3,19.99
33789,2024-03-10,East,Gadget,11,29.0
18223,2024-03-10,South,Widget,11,14.5
24722,2024-03-10,East,Doohickey,9,19.99
79822,2024-03-10,West,Gadget,4,29.0
83158,2024-03-10,West,Widget,1,14.5
15692,2024-03-10,West,Thingamajig,5,9.99
52241,2024-03-10,West,Gadget,7,29.0
73085,2024-03-11,South,Thingamajig,11,9.99
75045,2024-03-11,South,Doohickey,8,19.99
72158,2024-03-11,East,Thingamajig,8,9.99
72177,2024-03-11,East,Thingamajig,11,9.99
56950,2024-03-11,West,Widget,8,14.5
16362,2024-03-11,North,Thingamajig,4,9.99
24532,2024-03-11,North,Gadget,1,29.0
41243,2024-03-11,North,Thingamajig,9,9.99
21950,2024-03-11,East,Gadget,9,29.0
39914,2024-03-11,East,Contraption,6,39.0
64436,2024-03-11,South,Gadget,4,29.0
59367,2024-03-11,North,Gadget,8,29.0
77271,2024-03-11,East,Contraption,9,39.0
40115,2024-03-11,West,Thingamajig,9,9.99
80511,2024-03-11,West,Thingamajig,3,9.99
36973,2024-03-11,East,Doohickey,9,19.99
20689,2024-03-11,West,Thingamajig,1,9.99
20549,2024-03-11,East,Gadget,3,29.0
90228,2024-03-11,South,Contraption,7,39.0
38853,2024-03-11,South,Widget,11,14.5
57595,2024-03-12,East,Thingamajig,3,9.99
85173,2024-03-12,West,Contraption,9,39.0
16668,2024-03-12,South,Gadget,6,29.0
13902,2024-03-12,East,Widget,8,14.5
46256,2024-03-12,South,Widget,1,14.5
40449,2024-03-12,North,Contraption,1,39.0
88683,2024-03-12,South,Widget,2,14.5
90302,2024-03-12,South,Doohickey,8,19.99
22237,2024-03-12,West,Widget,7,14.5
80193,2024-03-12,North,Thingamajig,10,9.99
44030,2024-03-13,South,Contraption,7,39.0
29420,2024-03-13,West,Doohickey,4,19.99
59688,2024-03-13,South,Contraption,9,39.0
86355,2024-03-13,South,Widget,1,14.5
98929,2024-03-13,West,Gadget,8,29.0
17627,2024-03-13,South,Doohickey,4,19.99
69976,2024-03-13,North,Gadget,11,29.0
10353,2024-03-13,West,Contraption,9,39.0
51601,2024-03-13,North,Thingamajig,6,9.99
48523,2024-03-13,North,Contraption,11,39.0
87101,2024-03-13,South,Widget,9,14.5
35462,2024-03-13,East,Gadget,9,29.0
56489,2024-03-13,South,Thingamajig,10,9.99
73594,2024-03-13,South,Widget,7,14.5
25029,2024-03-13,North,Doohickey,10,19.99
54740,2024-03-13,East,Gadget,10,29.0
43513,2024-03-13,East,Doohickey,6,19.99
33182,2024-03-13,North,Doohickey,8,19.99
14882,2024-03-13,North,Contraption,6,39.0
41388,2024-03-13,East,Thingamajig,7,9.99
62281,2024-03-13,North,Widget,1,14.5
33309,2024-03-13,West,Contraption,4,39.0
91187,2024-03-13,East,Thingamajig,4,9.99
83827,2024-03-13,West,Widget,10,14.5
96664,2024-03-13,South,Widget,5,14.5
73022,2024-03-14,North,Doohickey,11,19.99
14876,2024-03-14,West,Contraption,2,39.0
53681,2024-03-14,East,Widget,11,14.5
35014,2024-03-14,East,Gadget,8,29.0
18398,2024-03-14,North,Widget,6,14.5
84334,2024-03-14,North,Thingamajig,9,9.99
68270,2024-03-14,North,Thingamajig,9,9.99
32362,2024-03-14,East,Contraption,4,39.0
81901,2024-03-14,South,Contraption,1,39.0
32936,2024-03-14,South,Doohickey,6,19.99
71707,2024-03-15,South,Contraption,2,39.0
92995,2024-03-15,East,Contraption,5,39.0
69877,2024-03-15,West,Contraption,1,39.0
61505,2024-03-15,East,Doohickey,10,19.99
34634,2024-03-15,South,Doohickey,2,19.99
46063,2024-03-15,South,Doohickey,3,19.99
67998,2024-03-15,North,Doohickey,3,19.99
38058,2024-03-15,East,Contraption,1,39.0
73547,2024-03-15,South,Widget,10,14.5
67014,2024-03-15,North,Doohickey,8,19.99
44880,2024-03-15,North,Contraption,11,39.0
84449,2024-03-15,East,Gadget,5,29.0
97407,2024-03-15,North,Contraption,5,39.0
43830,2024-03-15,West,Gadget,2,29.0
57333,2024-03-15,West,Widget,7,14.5
14482,2024-03-15,West,Contraption,11,39.0
83104,2024-03-16,South,Thingamajig,11,9.99
29432,2024-03-16,West,Contraption,5,39.0
35174,2024-03-16,West,Gadget,9,29.0
43526,2024-03-16,East,Gadget,4,29.0
28507,2024-03-16,East,Thingamajig,8,9.99
49136,2024-03-16,South,Thingamajig,6,9.99
35891,2024-03-16,West,Doohickey,7,19.99
54667,2024-03-16,North,Widget,10,14.5
39591,2024-03-16,North,Gadget,11,29.0
95649,2024-03-16,East,Gadget,5,29.0
58505,2024-03-16,South,Doohickey,8,19.99
63864,2024-03-16,South,Widget,2,14.5
91321,2024-03-16,East,Gadget,10,29.0
75346,2024-03-17,South,Doohickey,10,19.99
32669,2024-03-17,South,Gadget,1,29.0
44598,2024-03-17,South,Contraption,2,39.0
26153,2024-03-17,North,Widget,1,14.5
33104,2024-03-17,East,Thingamajig,6,9.99
54192,2024-03-17,West,Gadget,7,29.0
37198,2024-03-17,South,Widget,3,14.5
11608,2024-03-17,North,Doohickey,6,19.99
94479,2024-03-17,South,Contraption,1,39.0
18150,2024-03-18,East,Contraption,3,39.0
78502,2024-03-18,North,Widget,6,14.5
44725,2024-03-18,South,Widget,3,14.5
74077,2024-03-18,West,Gadget,5,29.0
53105,2024-03-18,North,Gadget,11,29.0
27648,2024-03-18,North,Doohickey,2,19.99
38732,2024-03-18,South,Gadget,3,29.0
50713,2024-03-18,West,Contraption,2,39.0
44461,2024-03-18,South,Widget,3,14.5
34834,2024-03-18,West,Widget,9,14.5
50558,2024-03-18,North,Doohickey,6,19.99
26710,2024-03-19,North,Contraption,9,39.0
23432,2024-03-19,South,Widget,6,14.5
17654,2024-03-19,East,Contraption,5,39.0
82093,2024-03-19,East,Gadget,8,29.0
14746,2024-03-19,East,Thingamajig,9,9.99
41723,2024-03-19,West,Thingamajig,1,9.99
61247,2024-03-19,West,Widget,2,14.5
81191,2024-03-19,South,Thingamajig,7,9.99
54570,2024-03-19,East,Widget,1,14.5
37648,2024-03-19,North,Gadget,8,29.0
34589,2024-03-19,South,Thingamajig,1,9.99
98253,2024-03-19,East,Gadget,10,29.0
35130,2024-03-20,South,Thingamajig,11,9.99
50771,2024-03-20,West,Contraption,6,39.0
17101,2024-03-20,East,Widget,5,14.5
97384,2024-03-20,West,Gadget,5,29.0
37596,2024-03-20,North,Doohickey,6,19.99
83238,2024-03-20,West,Widget,3,14.5
19689,2024-03-20,South,Thingamajig,8,9.99
33705,2024-03-20,South,Gadget,10,29.0
66627,2024-03-20,North,Gadget,3,29.0
57068,2024-03-20,South,Gadget,1,29.0
81574,2024-03-20,East,Widget,1,14.5
72114,2024-03-21,South,Widget,7,14.5
64333,2024-03-21,East,Contraption,2,39.0
37164,2024-03-21,West,Contraption,11,39.0
14280,2024-03-21,West,Contraption,10,39.0
31084,2024-03-21,South,Widget,1,14.5
55089,2024-03-21,North,Thingamajig,1,9.99
87751,2024-03-21,East,Gadget,6,29.0
85957,2024-03-21,South,Gadget,7,29.0
21618,2024-03-21,South,Gadget,7,29.0
11441,2024-03-21,East,Gadget,9,29.0
53274,2024-03-22,South,Contraption,5,39.0
54486,2024-03-22,East,Gadget,5,29.0
70407,2024-03-22,East,Gadget,5,29.0
38954,2024-03-22,East,Thingamajig,10,9.99
86395,2024-03-22,East,Doohickey,11,19.99
84894,2024-03-22,East,Gadget,7,29.0
16206,2024-03-22,South,Doohickey,2,19.99
52035,2024-03-22,North,Thingamajig,6,9.99
11038,2024-03-22,West,Thingamajig,11,9.99
98161,2024-03-22,East,Doohickey,7,19.99
82949,2024-03-22,North,Doohickey,9,19.99
32783,2024-03-22,East,Widget,5,14.5
56892,2024-03-22,North,Thingamajig,6,9.99
15953,2024-03-22,East,Contraption,7,39.0
84612,2024-03-22,East,Thingamajig,8,9.99
87141,2024-03-22,West,Gadget,3,29.0
10734,2024-03-22,East,Widget,11,14.5
58439,2024-03-22,West,Widget,4,14.5
71779,2024-03-22,East,Widget,6,14.5
23587,2024-03-22,South,Gadget,2,29.0
15355,2024-03-23,North,Gadget,6,29.0
79600,2024-03-23,South,Gadget,5,29.0
79106,2024-03-23,South,Thingamajig,8,9.99
25363,2024-03-23,West,Doohickey,7,19.99
79727,2024-03-23,East,Doohickey,3,19.99
15563,2024-03-23,East,Widget,3,14.5
77421,2024-03-23,West,Widget,2,14.5
30214,2024-03-23,East,Thingamajig,10,9.99
75441,2024-03-23,South,Widget,1,14.5
35812,2024-03-23,North,Contraption,4,39.0
48727,2024-03-23,East,Gadget,7,29.0
48027,2024-03-23,North,Gadget,6,29.0
68112,2024-03-23,East,Widget,1,14.5
38999,2024-03-23,West,Doohickey,7,19.99
16180,2024-03-23,North,Thingamajig,7,9.99
13796,2024-03-23,South,Doohickey,9,19.99
57246,2024-03-23,East,Thingamajig,9,9.99
23797,2024-03-23,East,Doohickey,10,19.99
52334,2024-03-24,South,Thingamajig,9,9.99
68212,2024-03-24,West,Contraption,4,39.0
40053,2024-03-24,South,Thingamajig,11,9.99
88904,2024-03-24,West,Gadget,8,29.0
36822,2024-03-24,West,Gadget,11,29.0
25664,2024-03-24,South,Thingamajig,3,9.99
75082,2024-03-24,North,Widget,6,14.5
55542,2024-03-24,North,Widget,6,14.5
73123,2024-03-24,North,Contraption,4,39.0
75720,2024-03-24,North,Thingamajig,11,9.99
39544,2024-03-24,West,Widget,9,14.5
14612,2024-03-24,South,Thingamajig,8,9.99
29274,2024-03-25,South,Contraption,10,39.0
12530,2024-03-25,South,Thingamajig,11,9.99
50802,2024-03-25,North,Doohickey,4,19.99
27993,2024-03-25,South,Gadget,5,29.0
10635,2024-03-25,South,Doohickey,11,19.99
31653,2024-03-25,East,Contraption,3,39.0
45845,2024-03-25,West,Contraption,7,39.0
81170,2024-03-25,East,Widget,2,14.5
89776,2024-03-25,East,Gadget,7,29.0
16858,2024-03-25,South,Contraption,3,39.0
42893,2024-03-25,West,Doohickey,8,19.99
16024,2024-03-25,West,Thingamajig,6,9.99
14754,2024-03-26,South,Gadget,7,29.0
99681,2024-03-26,East,Thingamajig,9,9.99
16727,2024-03-26,South,Widget,1,14.5
63506,2024-03-26,West,Doohickey,2,19.99
64008,2024-03-26,South,Thingamajig,10,9.99
72688,2024-03-26,South,Widget,5,14.5
39674,2024-03-26,East,Thingamajig,11,9.99
12529,2024-03-26,West,Thingamajig,10,9.99
52702,2024-03-26,North,Thingamajig,11,9.99
41941,2024-03-26,South,Contraption,3,39.0
51813,2024-03-26,South,Doohickey,1,19.99
89894,2024-03-26,North,Gadget,3,29.0
24784,2024-03-26,West,Thingamajig,5,9.99
28853,2024-03-26,North,Contraption,10,39.0
22011,2024-03-26,South,Doohickey,4,19.99
93879,2024-03-26,South,Gadget,1,29.0
24269,2024-03-27,South,Widget,3,14.5
74071,2024-03-27,North,Widget,9,14.5
64457,2024-03-27,South,Widget,11,14.5
44759,2024-03-27,North,Doohickey,6,19.99
89365,2024-03-27,North,Gadget,8,29.0
27881,2024-03-27,West,Doohickey,4,19.99
28880,2024-03-27,East,Gadget,10,29.0
16794,2024-03-27,South,Contraption,2,39.0
42830,2024-03-27,North,Widget,2,14.5
94214,2024-03-27,East,Widget,1,14.5
36214,2024-03-27,North,Contraption,7,39.0
75271,2024-03-27,East,Doohickey,7,19.99
58998,2024-03-27,North,Widget,6,14.5
33026,2024-03-27,North,Doohickey,10,19.99
40567,2024-03-28,West,Thingamajig,3,9.99
60912,2024-03-28,West,Gadget,10,29.0
92977,2024-03-28,East,Doohickey,9,19.99
24319,2024-03-28,North,Doohickey,3,19.99
61237,2024-03-28,North,Doohickey,3,19.99
81499,2024-03-28,East,Contraption,7,39.0
96956,2024-03-28,West,Doohickey,4,19.99
40755,2024-03-28,South,Doohickey,8,19.99
68197,2024-03-28,East,Doohickey,7,19.99
72866,2024-03-28,South,Contraption,9,39.0
61717,2024-03-28,South,Doohickey,3,19.99
12606,2024-03-28,North,Contraption,7,39.0
81322,2024-03-28,East,Contraption,1,39.0
10372,2024-03-28,North,Doohickey,2,19.99
99170,2024-03-28,North,Contraption,6,39.0
51877,2024-03-28,South,Thingamajig,3,9.99
76588,2024-03-28,West,Widget,9,14.5
94682,2024-03-28,East,Gadget,1,29.0
71655,2024-03-28,North,Widget,1,14.5
52764,2024-03-28,South,Contraption,10,39.0
63804,2024-03-28,North,Doohickey,4,19.99
96087,2024-03-28,South,Thingamajig,10,9.99
12434,2024-03-28,East,Thingamajig,4,9.99
63369,2024-03-28,East,Widget,11,14.5
15138,2024-03-29,North,Doohickey,7,19.99
80184,2024-03-29,West,Contraption,3,39.0
20402,2024-03-29,East,Contraption,6,39.0
75323,2024-03-29,East,Gadget,9,29.0
72661,2024-03-29,South,Contraption,9,39.0
10187,2024-03-29,West,Gadget,3,29.0
59529,2024-03-29,East,Thingamajig,8,9.99
75893,2024-03-29,West,Widget,11,14.5
99667,2024-03-29,North,Gadget,7,29.0
89451,2024-03-30,South,Gadget,7,29.0
74912,2024-03-30,South,Doohickey,11,19.99
87240,2024-03-30,East,Thingamajig,1,9.99
63581,2024-03-30,East,Gadget,4,29.0
79686,2024-03-30,West,Thingamajig,11,9.99
89043,2024-03-30,West,Widget,11,14.5
47345,2024-03-30,East,Widget,6,14.5
86581,2024-03-30,West,Gadget,8,29.0
95411,2024-03-30,East,Doohickey,9,19.99
20433,2024-03-30,East,Gadget,7,29.0
71818,2024-03-30,East,Contraption,5,39.0
55906,2024-03-30,North,Gadget,5,29.0
86087,2024-03-30,East,Thingamajig,8,9.99
35925,2024-03-30,North,Contraption,5,39.0
52419,2024-03-30,East,Thingamajig,3,9.99
31049,2024-03-30,West,Thingamajig,2,9.99
45563,2024-03-30,East,Contraption,6,39.0
16947,2024-03-30,East,Doohickey,8,19.99
29202,2024-03-30,West,Thingamajig,9,9.99
97596,2024-03-31,North,Widget,5,14.5
13221,2024-03-31,South,Gadget,9,29.0
91394,2024-03-31,North,Thingamajig,6,9.99
45156,2024-03-31,South,Doohickey,1,19.99
91420,2024-03-31,North,Contraption,2,39.0
73031,2024-03-31,East,Thingamajig,4,9.99
18974,2024-03-31,North,Widget,7,14.5
67512,2024-03-31,South,Thingamajig,1,9.99
65201,2024-03-31,West,Gadget,11,29.0
78646,2024-03-31,East,Thingamajig,1,9.99
64108,2024-03-31,West,Gadget,3,29.0
50464,2024-04-01,South,Widget,10,14.5
93030,2024-04-01,East,Widget,3,14.5
54014,2024-04-01,North,Widget,8,14.5
27428,2024-04-01,North,Gadget,4,29.0
55036,2024-04-01,North,Thingamajig,9,9.99
12282,2024-04-01,North,Widget,3,14.5
87206,2024-04-01,North,Gadget,3,29.0
51204,2024-04-01,North,Gadget,7,29.0
20313,2024-04-01,South,Contraption,7,39.0
67024,2024-04-01,South,Widget,5,14.5
14963,2024-04-01,North,Gadget,7,29.0
60898,2024-04-01,West,Doohickey,6,19.99
49765,2024-04-01,South,Contraption,10,39.0
22244,2024-04-02,West,Doohickey,11,19.99
55742,2024-04-02,East,Thingamajig,9,9.99
36502,2024-04-02,North,Thingamajig,5,9.99
35814,2024-04-02,West,Thingamajig,6,9.99
84271,2024-04-02,West,Gadget,1,29.0
36850,2024-04-02,South,Contraption,6,39.0
94619,2024-04-02,South,Doohickey,7,19.99
27396,2024-04-02,South,Thingamajig,7,9.99
90830,2024-04-03,West,Widget,7,14.5
58312,2024-04-03,North,Thingamajig,5,9.99
84649,2024-04-03,East,Widget,7,14.5
46293,2024-04-03,East,Widget,5,14.5
78996,2024-04-03,South,Gadget,2,29.0
86408,2024-04-03,South,Thingamajig,5,9.99
96864,2024-04-03,North,Thingamajig,3,9.99
78356,2024-04-03,North,Doohickey,5,19.99
18540,2024-04-03,East,Thingamajig,4,9.99
92599,2024-04-03,East,Gadget,7,29.0
42536,2024-04-03,West,Contraption,6,39.0
97676,2024-04-03,North,Contraption,10,39.0
95632,2024-04-03,West,Thingamajig,9,9.99
98388,2024-04-03,East,Gadget,7,29.0
79904,2024-04-03,East,Widget,5,14.5
36644,2024-04-03,West,Gadget,11,29.0
24746,2024-04-03,East,Contraption,4,39.0
25946,2024-04-03,East,Thingamajig,4,9.99
97624,2024-04-03,North,Gadget,11,29.0
79016,2024-04-03,East,Thingamajig,2,9.99
51355,2024-04-03,North,Doohickey,8,19.99
24094,2024-04-03,South,Contraption,9,39.0
68227,2024-04-04,West,Doohickey,4,19.99
30859,2024-04-04,West,Gadget,4,29.0
44439,2024-04-04,East,Doohickey,5,19.99
46026,2024-04-04,South,Widget,3,14.5
82145,2024-04-04,North,Thingamajig,4,9.99
98677,2024-04-04,North,Doohickey,11,19.99
66152,2024-04-04,West,Thingamajig,4,9.99
18506,2024-04-04,West,Widget,3,14.5
80448,2024-04-04,North,Thingamajig,9,9.99
57418,2024-04-04,West,Gadget,6,29.0
53510,2024-04-04,North,Widget,8,14.5
82675,2024-04-04,East,Contraption,3,39.0
91929,2024-04-04,West,Gadget,2,29.0
94801,2024-04-04,South,Contraption,8,39.0
30763,2024-04-04,South,Contraption,6,39.0
23089,2024-04-04,West,Widget,4,14.5
80602,2024-04-05,West,Gadget,9,29.0
27611,2024-04-05,South,Gadget,9,29.0
70168,2024-04-05,East,Contraption,11,39.0
81329,2024-04-05,North,Gadget,8,29.0
32536,2024-04-05,East,Contraption,11,39.0
30951,2024-04-05,East,Gadget,5,29.0
94183,2024-04-05,East,Gadget,8,29.0
26170,2024-04-05,South,Contraption,1,39.0
81967,2024-04-05,South,Doohickey,10,19.99
80369,2024-04-05,North,Contraption,10,39.0
21501,2024-04-05,East,Contraption,4,39.0
19012,2024-04-05,North,Gadget,5,29.0
79854,2024-04-05,West,Doohickey,10,19.99
82044,2024-04-05,South,Contraption,3,39.0
68163,2024-04-05,South,Thingamajig,10,9.99
63083,2024-04-05,East,Widget,5,14.5
48360,2024-04-06,North,Doohickey,5,19.99
74002,2024-04-06,North,Widget,11,14.5
63031,2024-04-06,West,Gadget,4,29.0
44718,2024-04-06,East,Thingamajig,5,9.99
47335,2024-04-06,East,Doohickey,2,19.99
60289,2024-04-06,South,Thingamajig,6,9.99
32720,2024-04-06,North,Thingamajig,5,9.99
74415,2024-04-06,East,Gadget,6,29.0
55535,2024-04-07,South,Contraption,2,39.0
13198,2024-04-07,North,Thingamajig,9,9.99
80622,2024-04-07,South,Contraption,6,39.0
56174,2024-04-07,West,Contraption,9,39.0
74136,2024-04-07,South,Gadget,1,29.0
51716,2024-04-07,South,Doohickey,5,19.99
37937,2024-04-07,East,Contraption,6,39.0
31162,2024-04-07,West,Contraption,1,39.0
95723,2024-04-07,North,Contraption,8,39.0
47481,2024-04-07,North,Gadget,6,29.0
35721,2024-04-07,West,Doohickey,8,19.99
82391,2024-04-07,East,Thingamajig,2,9.99
80778,2024-04-07,North,Widget,7,14.5
43346,2024-04-08,East,Thingamajig,4,9.99
97727,2024-04-08,North,Contraption,9,39.0
82339,2024-04-08,South,Doohickey,10,19.99
18454,2024-04-08,East,Thingamajig,5,9.99
33654,2024-04-08,West,Contraption,4,39.0
69276,2024-04-08,North,Widget,10,14.5
77814,2024-04-08,East,Doohickey,10,19.99
67718,2024-04-08,East,Gadget,3,29.0
36772,2024-04-08,North,Doohickey,1,19.99
46963,2024-04-09,North,Gadget,1,29.0
99180,2024-04-09,South,Gadget,8,29.0
25781,2024-04-09,South,Doohickey,1,19.99
89463,2024-04-09,North,Thingamajig,3,9.99
32407,2024-04-09,West,Thingamajig,10,9.99
32624,2024-04-09,West,Widget,9,14.5
57879,2024-04-09,East,Gadget,9,29.0
32766,2024-04-09,South,Contraption,1,39.0
32063,2024-04-09,East,Contraption,5,39.0
74218,2024-04-09,North,Thingamajig,11,9.99
68537,2024-04-09,West,Contraption,4,39.0
58001,2024-04-09,North,Gadget,10,29.0
23294,2024-04-09,South,Gadget,1,29.0
12154,2024-04-09,East,Gadget,4,29.0
95968,2024-04-09,South,Gadget,3,29.0
73505,2024-04-09,West,Doohickey,4,19.99
58805,2024-04-09,North,Doohickey,5,19.99
27575,2024-04-09,West,Gadget,9,29.0
48635,2024-04-09,South,Gadget,7,29.0
72803,2024-04-09,West,Contraption,8,39.0
22495,2024-04-09,North,Doohickey,9,19.99
26576,2024-04-09,East,Contraption,4,39.0
63727,2024-04-10,East,Doohickey,1,19.99
93750,2024-04-10,South,Thingamajig,6,9.99
52112,2024-04-10,North,Gadget,8,29.0
96916,2024-04-10,South,Thingamajig,8,9.99
34765,2024-04-10,North,Gadget,6,29.0
37959,2024-04-10,East,Doohickey,1,19.99
12995,2024-04-10,North,Thingamajig,6,9.99
41622,2024-04-10,East,Contraption,4,39.0
67918,2024-04-10,North,Contraption,5,39.0
38989,2024-04-10,East,Contraption,11,39.0
83973,2024-04-10,West,Doohickey,2,19.99
54933,2024-04-10,West,Thingamajig,7,9.99
67264,2024-04-10,South,Widget,5,14.5
54980,2024-04-11,West,Thingamajig,2,9.99
85623,2024-04-11,North,Thingamajig,8,9.99
90416,2024-04-11,West,Thingamajig,11,9.99
60102,2024-04-11,West,Doohickey,11,19.99
51927,2024-04-11,North,Widget,6,14.5
49751,2024-04-11,South,Gadget,10,29.0
56408,2024-04-11,West,Contraption,9,39.0
77990,2024-04-11,South,Widget,9,14.5
96484,2024-04-11,West,Doohickey,8,19.99
92132,2024-04-11,North,Gadget,11,29.0
20729,2024-04-11,West,Doohickey,9,19.99
73426,2024-04-11,West,Widget,10,14.5
35456,2024-04-11,South,Doohickey,8,19.99
54086,2024-04-11,West,Contraption,1,39.0
30915,2024-04-11,East,Thingamajig,9,9.99
80338,2024-04-11,North,Thingamajig,11,9.99
48297,2024-04-11,North,Doohickey,6,19.99
44264,2024-04-11,West,Contraption,6,39.0
88764,2024-04-11,North,Thingamajig,6,9.99
67220,2024-04-11,East,Gadget,9,29.0
38293,2024-04-11,South,Thingamajig,6,9.99
17414,2024-04-11,West,Widget,11,14.5
88274,2024-04-11,South,Doohickey,11,19.99
54935,2024-04-11,East,Thingamajig,4,9.99
38746,2024-04-11,West,Widget,7,14.5
39744,2024-04-12,East,Doohickey,4,19.99
44493,2024-04-12,East,Contraption,9,39.0
79607,2024-04-12,North,Thingamajig,4,9.99
73539,2024-04-12,West,Widget,2,14.5
63034,2024-04-12,East,Thingamajig,5,9.99
46939,2024-04-12,West,Gadget,8,29.0
82130,2024-04-12,North,Gadget,7,29.0
19403,2024-04-12,East,Thingamajig,10,9.99
94732,2024-04-12,South,Gadget,7,29.0
49273,2024-04-12,South,Doohickey,2,19.99
50665,2024-04-12,West,Doohickey,1,19.99
47597,2024-04-12,West,Gadget,4,29.0
38637,2024-04-12,West,Gadget,5,29.0
71867,2024-04-12,North,Widget,10,14.5
46165,2024-04-13,East,Thingamajig,6,9.99
25298,2024-04-13,West,Thingamajig,4,9.99
58911,2024-04-13,East,Thingamajig,2,9.99
40746,2024-04-13,East,Thingamajig,5,9.99
17323,2024-04-13,West,Contraption,3,39.0
35061,2024-04-13,South,Doohickey,11,19.99
58994,2024-04-13,South,Widget,10,14.5
67866,2024-04-13,East,Widget,1,14.5
56828,2024-04-13,East,Contraption,10,39.0
28970,2024-04-13,East,Thingamajig,7,9.99
69715,2024-04-13,South,Gadget,3,29.0
65971,2024-04-13,West,Widget,10,14.5
84368,2024-04-13,East,Gadget,3,29.0
14189,2024-04-13,South,Widget,5,14.5
66675,2024-04-13,West,Contraption,2,39.0
43833,2024-04-14,South,Widget,9,14.5
11637,2024-04-14,West,Contraption,4,39.0
34070,2024-04-14,East,Doohickey,7,19.99
20614,2024-04-14,North,Contraption,11,39.0
14568,2024-04-14,East,Gadget,2,29.0
41740,2024-04-14,South,Doohickey,7,19.99
32745,2024-04-14,South,Gadget,4,29.0
53324,2024-04-14,North,Widget,3,14.5
78722,2024-04-14,North,Gadget,7,29.0
23940,2024-04-14,West,Widget,8,14.5
27756,2024-04-14,East,Gadget,6,29.0
84164,2024-04-14,West,Widget,5,14.5
90200,2024-04-14,East,Doohickey,6,19.99
72400,2024-04-14,East,Gadget,1,29.0
73039,2024-04-14,South,Contraption,4,39.0
63020,2024-04-15,West,Gadget,2,29.0
92416,2024-04-15,South,Thingamajig,8,9.99
20297,2024-04-15,South,Gadget,5,29.0
43392,2024-04-15,West,Widget,5,14.5
55498,2024-04-15,East,Thingamajig,2,9.99
31242,2024-04-15,West,Doohickey,3,19.99
93254,2024-04-15,North,Contraption,9,39.0
39198,2024-04-15,East,Doohickey,10,19.99
10885,2024-04-15,South,Thingamajig,2,9.99
98611,2024-04-15,West,Contraption,10,39.0
74062,2024-04-15,North,Doohickey,6,19.99
74714,2024-04-15,East,Doohickey,3,19.99
79871,2024-04-15,North,Gadget,5,29.0
81605,2024-04-15,North,Widget,7,14.5
12226,2024-04-15,North,Widget,7,14.5
75214,2024-04-15,East,Widget,1,14.5
73355,2024-04-15,South,Thingamajig,8,9.99
30721,2024-04-16,East,Widget,3,14.5
30112,2024-04-16,South,Widget,3,14.5
52907,2024-04-16,North,Doohickey,8,19.99
35551,2024-04-16,West,Contraption,9,39.0
74244,2024-04-16,West,Widget,3,14.5
25973,2024-04-16,North,Widget,7,14.5
72909,2024-04-16,North,Gadget,9,29.0
34639,2024-04-16,East,Widget,7,14.5
65495,2024-04-16,West,Widget,1,14.5
55752,2024-04-17,West,Doohickey,9,19.99
91359,2024-04-17,East,Contraption,1,39.0
61087,2024-04-17,North,Gadget,2,29.0
41216,2024-04-17,East,Contraption,11,39.0
31034,2024-04-17,West,Doohickey,10,19.99
69717,2024-04-17,West,Widget,2,14.5
96228,2024-04-17,West,Widget,4,14.5
95754,2024-04-17,South,Thingamajig,6,9.99
89219,2024-04-17,West,Widget,9,14.5
79112,2024-04-17,East,Gadget,3,29.0
73646,2024-04-17,West,Doohickey,2,19.99
12193,2024-04-17,West,Doohickey,10,19.99
19017,2024-04-17,South,Widget,1,14.5
13955,2024-04-17,South,Contraption,10,39.0
53640,2024-04-18,East,Gadget,8,29.0
42334,2024-04-18,South,Gadget,1,29.0
65049,2024-04-18,West,Thingamajig,7,9.99
87987,2024-04-18,East,Widget,10,14.5
54235,2024-04-18,South,Doohickey,2,19.99
69818,2024-04-18,South,Contraption,5,39.0
97627,2024-04-18,South,Gadget,2,29.0
85301,2024-04-19,North,Gadget,2,29.0
67035,2024-04-19,East,Doohickey,9,19.99
25929,2024-04-19,North,Doohickey,1,19.99
45515,2024-04-19,South,Contraption,5,39.0
92681,2024-04-19,East,Contraption,5,39.0
88237,2024-04-19,West,Widget,5,14.5
51382,2024-04-19,South,Doohickey,11,19.99
92929,2024-04-19,East,Doohickey,11,19.99
74728,2024-04-19,West,Thingamajig,6,9.99
78188,2024-04-19,North,Widget,10,14.5
34430,2024-04-19,North,Doohickey,9,19.99
27491,2024-04-19,West,Thingamajig,9,9.99
19261,2024-04-20,East,Widget,3,14.5
91935,2024-04-20,East,Doohickey,8,19.99
11479,2024-04-20,South,Gadget,3,29.0
93986,2024-04-20,South,Widget,10,14.5
45237,2024-04-20,South,Contraption,10,39.0
20704,2024-04-20,West,Thingamajig,2,9.99
17612,2024-04-20,East,Widget,1,14.5
87266,2024-04-20,West,Widget,9,14.5
29378,2024-04-20,North,Doohickey,11,19.99
38468,2024-04-20,West,Widget,7,14.5
13992,2024-04-20,East,Widget,11,14.5
85849,2024-04-20,East,Gadget,9,29.0
59517,2024-04-20,South,Widget,5,14.5
31088,2024-04-21,South,Thingamajig,1,9.99
93174,2024-04-21,South,Thingamajig,7,9.99
53482,2024-04-21,South,Gadget,11,29.0
35621,2024-04-21,West,Gadget,10,29.0
97993,2024-04-21,North,Widget,9,14.5
34656,2024-04-21,South,Gadget,3,29.0
25553,2024-04-21,West,Contraption,1,39.0
59331,2024-04-21,East,Gadget,1,29.0
83191,2024-04-21,East,Contraption,3,39.0
76811,2024-04-21,West,Gadget,7,29.0
88581,2024-04-22,East,Contraption,8,39.0
87228,2024-04-22,West,Gadget,2,29.0
40759,2024-04-22,East,Widget,3,14.5
40845,2024-04-22,East,Gadget,8,29.0
59928,2024-04-22,West,Widget,8,14.5
72934,2024-04-22,North,Thingamajig,7,9.99
50989,2024-04-22,West,Gadget,2,29.0
17392,2024-04-22,West,Widget,3,14.5
99096,2024-04-22,West,Thingamajig,11,9.99
45577,2024-04-22,East,Contraption,5,39.0
39539,2024-04-22,West,Contraption,4,39.0
47863,2024-04-22,East,Widget,4,14.5
27496,2024-04-22,South,Thingamajig,4,9.99
29029,2024-04-22,North,Contraption,8,39.0
33144,2024-04-22,East,Doohickey,1,19.99
73409,2024-04-23,East,Thingamajig,5,9.99
11293,2024-04-23,South,Contraption,2,39.0
50574,2024-04-23,East,Gadget,7,29.0
81427,2024-04-23,West,Doohickey,1,19.99
52218,2024-04-23,West,Contraption,6,39.0
78914,2024-04-23,South,Doohickey,6,19.99
32500,2024-04-23,East,Gadget,3,29.0
55252,2024-04-23,South,Doohickey,5,19.99
58592,2024-04-23,North,Gadget,10,29.0
62430,2024-04-23,South,Widget,2,14.5
74647,2024-04-23,West,Thingamajig,11,9.99
55626,2024-04-23,West,Doohickey,8,19.99
50413,2024-04-23,East,Widget,5,14.5
15155,2024-04-23,West,Doohickey,4,19.99
55979,2024-04-23,West,Gadget,9,29.0
58967,2024-04-23,South,Doohickey,8,19.99
88556,2024-04-24,South,Doohickey,6,19.99
31422,2024-04-24,West,Doohickey,2,19.99
87142,2024-04-24,South,Contraption,11,39.0
98729,2024-04-24,North,Contraption,8,39.0
56925,2024-04-24,East,Thingamajig,7,9.99
15421,2024-04-24,West,Thingamajig,7,9.99
97945,2024-04-24,East,Doohickey,2,19.99
28913,2024-04-24,West,Widget,1,14.5
96684,2024-04-24,West,Contraption,4,39.0
31880,2024-04-24,East,Doohickey,2,19.99
35019,2024-04-24,East,Contraption,2,39.0
31506,2024-04-24,South,Widget,6,14.5
68962,2024-04-24,East,Contraption,2,39.0
74491,2024-04-25,West,Thingamajig,11,9.99
90203,2024-04-25,West,Gadget,5,29.0
26392,2024-04-25,North,Contraption,5,39.0
48583,2024-04-25,East,Gadget,3,29.0
14293,2024-04-25,North,Contraption,7,39.0
22647,2024-04-25,North,Thingamajig,9,9.99
11543,2024-04-25,South,Doohickey,2,19.99
85803,2024-04-25,East,Contraption,3,39.0
97673,2024-04-25,West,Doohickey,3,19.99
71305,2024-04-25,North,Doohickey,3,19.99
79816,2024-04-25,North,Doohickey,7,19.99
29172,2024-04-25,West,Doohickey,9,19.99
79590,2024-04-26,South,Widget,6,14.5
89852,2024-04-26,North,Gadget,8,29.0
48065,2024-04-26,West,Thingamajig,10,9.99
29666,2024-04-26,East,Thingamajig,4,9.99
52338,2024-04-26,South,Thingamajig,9,9.99
22978,2024-04-26,East,Gadget,4,29.0
29716,2024-04-26,North,Gadget,5,29.0
29899,2024-04-26,East,Gadget,5,29.0
93798,2024-04-26,North,Contraption,3,39.0
68076,2024-04-26,North,Contraption,1,39.0
61358,2024-04-26,East,Thingamajig,7,9.99
35363,2024-04-26,South,Gadget,5,29.0
69245,2024-04-26,South,Thingamajig,2,9.99
16081,2024-04-26,East,Contraption,1,39.0
76012,2024-04-26,North,Widget,11,14.5
63668,2024-04-26,North,Widget,11,14.5
15345,2024-04-26,East,Widget,11,14.5
78202,2024-04-26,North,Doohickey,9,19.99
35206,2024-04-26,West,Thingamajig,9,9.99
19763,2024-04-27,South,Widget,11,14.5
93577,2024-04-27,North,Widget,3,14.5
86744,2024-04-27,East,Doohickey,2,19.99
67955,2024-04-27,North,Contraption,10,39.0
61395,2024-04-27,South,Gadget,4,29.0
44827,2024-04-27,East,Contraption,10,39.0
64809,2024-04-27,East,Widget,5,14.5
39840,2024-04-27,North,Contraption,4,39.0
90363,2024-04-27,West,Contraption,3,39.0
85382,2024-04-27,East,Thingamajig,4,9.99
97633,2024-04-27,South,Thingamajig,2,9.99
93319,2024-04-27,East,Thingamajig,6,9.99
27985,2024-04-27,East,Thingamajig,7,9.99
81116,2024-04-27,East,Thingamajig,7,9.99
87755,2024-04-27,South,Contraption,10,39.0
45216,2024-04-27,South,Contraption,4,39.0
27082,2024-04-28,South,Doohickey,6,19.99
96939,2024-04-28,West,Contraption,3,39.0
59459,2024-04-28,South,Gadget,2,29.0
18862,2024-04-28,South,Thingamajig,3,9.99
92536,2024-04-28,West,Doohickey,10,19.99
97411,2024-04-28,North,Widget,1,14.5
62051,2024-04-28,North,Thingamajig,3,9.99
97382,2024-04-28,South,Widget,3,14.5
50588,2024-04-28,West,Thingamajig,4,9.99
27249,2024-04-28,West,Doohickey,1,19.99
97533,2024-04-28,East,Widget,10,14.5
72990,2024-04-29,East,Doohickey,9,19.99
12112,2024-04-29,West,Widget,6,14.5
49990,2024-04-29,South,Contraption,7,39.0
42365,2024-04-29,East,Widget,8,14.5
87082,2024-04-29,South,Doohickey,9,19.99
18349,2024-04-29,East,Doohickey,7,19.99
39745,2024-04-29,West,Contraption,10,39.0
99645,2024-04-29,East,Contraption,7,39.0
82294,2024-04-29,North,Doohickey,5,19.99
11466,2024-04-29,South,Contraption,4,39.0
13458,2024-04-29,West,Doohickey,10,19.99
93821,2024-04-29,West,Widget,10,14.5
44438,2024-04-29,North,Contraption,6,39.0
31931,2024-04-29,North,Gadget,10,29.0
87605,2024-04-29,East,Doohickey,6,19.99
94504,2024-04-29,South,Doohickey,4,19.99
68462,2024-04-29,East,Widget,3,14.5
36888,2024-04-29,West,Contraption,3,39.0
58092,2024-04-29,North,Widget,6,14.5
69044,2024-04-29,South,Widget,3,14.5
80285,2024-04-29,South,Gadget,11,29.0
35904,2024-04-30,West,Thingamajig,8,9.99
92048,2024-04-30,West,Contraption,5,39.0
96626,2024-04-30,North,Contraption,6,39.0
17653,2024-04-30,North,Gadget,6,29.0
19051,2024-04-30,West,Contraption,8,39.0
75265,2024-04-30,East,Thingamajig,7,9.99
56702,2024-04-30,West,Gadget,9,29.0
17336,2024-04-30,South,Widget,4,14.5
90664,2024-04-30,North,Doohickey,2,19.99
21105,2024-04-30,South,Widget,4,14.5
72920,2024-04-30,West,Widget,2,14.5
95973,2024-04-30,East,Thingamajig,4,9.99
68222,2024-04-30,West,Widget,3,14.5
89550,2024-04-30,East,Thingamajig,5,9.99
88926,2024-05-01,West,Widget,3,14.5
51715,2024-05-01,South,Doohickey,5,19.99
86243,2024-05-01,North,Thingamajig,3,9.99
17542,2024-05-01,South,Widget,10,14.5
10016,2024-05-01,West,Widget,8,14.5
79004,2024-05-01,South,Doohickey,6,19.99
74704,2024-05-01,East,Gadget,3,29.0
53183,2024-05-01,South,Widget,9,14.5
11415,2024-05-01,West,Widget,2,14.5
57225,2024-05-01,North,Thingamajig,5,9.99
45112,2024-05-01,North,Contraption,4,39.0
64434,2024-05-02,East,Contraption,10,39.0
85706,2024-05-02,East,Widget,9,14.5
39076,2024-05-02,West,Contraption,9,39.0
68886,2024-05-02,East,Widget,5,14.5
70341,2024-05-02,North,Widget,2,14.5
11178,2024-05-02,South,Contraption,9,39.0
63843,2024-05-02,South,Contraption,2,39.0
59833,2024-05-02,South,Doohickey,3,19.99
17136,2024-05-02,North,Doohickey,8,19.99
12131,2024-05-02,West,Gadget,7,29.0
67423,2024-05-02,North,Gadget,7,29.0
27709,2024-05-02,South,Thingamajig,2,9.99
91502,2024-05-02,South,Widget,6,14.5
87367,2024-05-02,North,Contraption,5,39.0
58912,2024-05-03,South,Widget,3,14.5
15845,2024-05-03,North,Thingamajig,4,9.99
66653,2024-05-03,West,Contraption,2,39.0
75112,2024-05-03,North,Gadget,1,29.0
57233,2024-05-03,East,Doohickey,9,19.99
81122,2024-05-03,East,Widget,4,14.5
52657,2024-05-03,South,Gadget,5,29.0
87016,2024-05-03,West,Doohickey,6,19.99
96540,2024-05-03,South,Contraption,11,39.0
57554,2024-05-03,South,Doohickey,1,19.99
80466,2024-05-03,South,Gadget,2,29.0
65243,2024-05-03,South,Contraption,3,39.0
39261,2024-05-03,South,Widget,7,14.5
97902,2024-05-03,West,Thingamajig,7,9.99
10010,2024-05-03,East,Doohickey,3,19.99
92622,2024-05-04,South,Contraption,3,39.0
85198,2024-05-04,East,Gadget,9,29.0
79361,2024-05-04,East,Widget,2,14.5
46221,2024-05-04,South,Widget,10,14.5
51196,2024-05-04,West,Contraption,5,39.0
16316,2024-05-04,East,Doohickey,6,19.99
25668,2024-05-04,South,Gadget,8,29.0
38913,2024-05-04,East,Thingamajig,5,9.99
33032,2024-05-04,East,Contraption,7,39.0
50670,2024-05-04,South,Doohickey,11,19.99
46806,2024-05-04,East,Contraption,7,39.0
45691,2024-05-04,South,Widget,11,14.5
89092,2024-05-04,South,Doohickey,2,19.99
87513,2024-05-04,South,Gadget,10,29.0
99233,2024-05-04,South,Gadget,6,29.0
82092,2024-05-05,East,Contraption,7,39.0
96306,2024-05-05,North,Contraption,3,39.0
68406,2024-05-05,West,Gadget,6,29.0
53104,2024-05-05,South,Thingamajig,4,9.99
96470,2024-05-05,West,Thingamajig,8,9.99
67553,2024-05-05,South,Thingamajig,7,9.99
76791,2024-05-05,North,Doohickey,3,19.99
47426,2024-05-05,West,Thingamajig,3,9.99
59347,2024-05-05,South,Doohickey,1,19.99
15902,2024-05-05,South,Gadget,2,29.0
12526,2024-05-05,East,Doohickey,11,19.99
18502,2024-05-05,East,Thingamajig,5,9.99
82026,2024-05-05,South,Doohickey,2,19.99
33424,2024-05-05,North,Contraption,5,39.0
52839,2024-05-05,East,Doohickey,4,19.99
85633,2024-05-05,South,Doohickey,4,19.99
14293,2024-05-05,South,Contraption,8,39.0
30396,2024-05-06,South,Widget,8,14.5
64109,2024-05-06,South,Doohickey,7,19.99
26972,2024-05-06,West,Thingamajig,5,9.99
28815,2024-05-06,West,Widget,8,14.5
26326,2024-05-06,East,Widget,9,14.5
63511,2024-05-06,West,Gadget,10,29.0
74105,2024-05-06,South,Doohickey,11,19.99
73956,2024-05-06,North,Thingamajig,8,9.99
23176,2024-05-06,South,Doohickey,3,19.99
58179,2024-05-06,South,Doohickey,6,19.99
63591,2024-05-06,East,Contraption,10,39.0
88192,2024-05-06,East,Thingamajig,3,9.99
29320,2024-05-07,West,Thingamajig,11,9.99
63701,2024-05-07,East,Thingamajig,2,9.99
15224,2024-05-07,East,Contraption,2,39.0
52128,2024-05-07,South,Contraption,6,39.0
93495,2024-05-07,West,Widget,11,14.5
39210,2024-05-07,North,Gadget,4,29.0
32864,2024-05-07,North,Doohickey,8,19.99
66295,2024-05-07,West,Doohickey,5,19.99
19685,2024-05-07,West,Doohickey,4,19.99
31070,2024-05-07,North,Contraption,5,39.0
23650,2024-05-07,South,Thingamajig,9,9.99
90705,2024-05-07,East,Doohickey,7,19.99
94937,2024-05-08,East,Thingamajig,5,9.99
72670,2024-05-08,South,Gadget,8,29.0
15008,2024-05-08,East,Gadget,6,29.0
96849,2024-05-08,West,Widget,9,14.5
13173,2024-05-08,East,Doohickey,9,19.99
27845,2024-05-08,East,Gadget,6,29.0
36961,2024-05-08,West,Thingamajig,10,9.99
49064,2024-05-08,North,Doohickey,4,19.99
51706,2024-05-08,East,Widget,10,14.5
10637,2024-05-09,North,Doohickey,7,19.99
27479,2024-05-09,West,Thingamajig,8,9.99
72216,2024-05-09,East,Doohickey,4,19.99
57798,2024-05-09,East,Doohickey,5,19.99
13753,2024-05-09,North,Widget,5,14.5
30805,2024-05-09,North,Thingamajig,1,9.99
82031,2024-05-09,South,Doohickey,8,19.99
93835,2024-05-09,South,Thingamajig,8,9.99
77936,2024-05-09,East,Thingamajig,2,9.99
40621,2024-05-09,South,Widget,4,14.5
75280,2024-05-09,East,Thingamajig,4,9.99
63739,2024-05-09,East,Widget,3,14.5
85391,2024-05-09,North,Gadget,11,29.0
78180,2024-05-09,West,Thingamajig,4,9.99
68550,2024-05-09,West,Doohickey,1,19.99
54748,2024-05-09,North,Doohickey,1,19.99
70168,2024-05-09,South,Contraption,4,39.0
98733,2024-05-10,South,Widget,1,14.5
25961,2024-05-10,South,Thingamajig,7,9.99
81263,2024-05-10,East,Widget,3,14.5
20565,2024-05-10,South,Thingamajig,6,9.99
45839,2024-05-10,South,Contraption,5,39.0
40201,2024-05-10,South,Contraption,8,39.0
81913,2024-05-10,South,Thingamajig,3,9.99
28541,2024-05-10,South,Widget,3,14.5
86205,2024-05-10,North,Doohickey,1,19.99
79942,2024-05-10,West,Doohickey,5,19.99
30574,2024-05-10,South,Doohickey,8,19.99
78412,2024-05-10,South,Thingamajig,5,9.99
72893,2024-05-11,East,Widget,4,14.5
26711,2024-05-11,West,Gadget,8,29.0
90027,2024-05-11,North,Thingamajig,7,9.99
56222,2024-05-11,East,Contraption,4,39.0
97037,2024-05-11,North,Gadget,8,29.0
97643,2024-05-11,East,Thingamajig,4,9.99
80617,2024-05-12,South,Contraption,1,39.0
47761,2024-05-12,West,Gadget,5,29.0
84679,2024-05-12,West,Contraption,2,39.0
16483,2024-05-12,North,Thingamajig,7,9.99
53073,2024-05-12,South,Thingamajig,3,9.99
30538,2024-05-12,North,Thingamajig,10,9.99
60911,2024-05-12,North,Thingamajig,3,9.99
95470,2024-05-12,East,Doohickey,2,19.99
68999,2024-05-12,West,Doohickey,7,19.99
12786,2024-05-13,South,Thingamajig,8,9.99
90516,2024-05-13,West,Gadget,8,29.0
90774,2024-05-13,North,Thingamajig,7,9.99
51946,2024-05-13,South,Contraption,4,39.0
73515,2024-05-13,West,Thingamajig,7,9.99
15828,2024-05-13,East,Gadget,5,29.0
88676,2024-05-13,South,Doohickey,8,19.99
84670,2024-05-13,West,Doohickey,4,19.99
12733,2024-05-13,South,Doohickey,9,19.99
84362,2024-05-13,East,Contraption,3,39.0
55462,2024-05-14,West,Thingamajig,2,9.99
29718,2024-05-14,North,Widget,7,14.5
75203,2024-05-14,South,Gadget,8,29.0
36358,2024-05-14,North,Contraption,10,39.0
42560,2024-05-14,East,Gadget,7,29.0
32984,2024-05-14,North,Doohickey,3,19.99
75731,2024-05-14,East,Contraption,1,39.0
79726,2024-05-14,South,Gadget,3,29.0
97392,2024-05-14,East,Contraption,7,39.0
27399,2024-05-14,North,Doohickey,3,19.99
79670,2024-05-14,North,Doohickey,5,19.99
65792,2024-05-14,East,Gadget,3,29.0
51398,2024-05-15,South,Doohickey,10,19.99
76512,2024-05-15,North,Widget,5,14.5
41226,2024-05-15,North,Doohickey,11,19.99
81141,2024-05-15,South,Gadget,4,29.0
47230,2024-05-15,West,Gadget,8,29.0
99391,2024-05-15,East,Gadget,1,29.0
21254,2024-05-15,East,Contraption,1,39.0
57535,2024-05-15,East,Thingamajig,11,9.99
57403,2024-05-15,West,Contraption,2,39.0
89123,2024-05-15,West,Doohickey,10,19.99
93981,2024-05-15,West,Widget,10,14.5
30767,2024-05-15,South,Thingamajig,9,9.99
69314,2024-05-15,East,Thingamajig,5,9.99
33095,2024-05-15,West,Widget,10,14.5
15318,2024-05-16,West,Widget,5,14.5
57681,2024-05-16,East,Thingamajig,7,9.99
95052,2024-05-16,North,Contraption,10,39.0
43668,2024-05-16,West,Widget,10,14.5
36569,2024-05-16,East,Contraption,7,39.0
90403,2024-05-16,South,Doohickey,5,19.99
96704,2024-05-16,West,Doohickey,5,19.99
86193,2024-05-16,North,Contraption,10,39.0
88527,2024-05-16,East,Contraption,7,39.0
77723,2024-05-16,South,Widget,3,14.5
99820,2024-05-16,North,Widget,7,14.5
82455,2024-05-16,East,Widget,6,14.5
33196,2024-05-16,West,Gadget,11,29.0
22037,2024-05-16,West,Thingamajig,9,9.99
90813,2024-05-16,South,Thingamajig,2,9.99
84173,2024-05-16,East,Widget,3,14.5
88796,2024-05-16,South,Contraption,3,39.0
49273,2024-05-17,West,Gadget,4,29.0
19711,2024-05-17,West,Widget,2,14.5
67172,2024-05-17,South,Gadget,7,29.0
25012,2024-05-17,North,Contraption,7,39.0
33409,2024-05-17,South,Contraption,3,39.0
92960,2024-05-17,West,Widget,9,14.5
66025,2024-05-17,North,Gadget,1,29.0
95852,2024-05-17,East,Contraption,1,39.0
10663,2024-05-17,East,Contraption,6,39.0
47503,2024-05-17,West,Contraption,3,39.0
24905,2024-05-17,West,Contraption,10,39.0
41869,2024-05-17,East,Gadget,3,29.0
30440,2024-05-18,North,Contraption,6,39.0
38525,2024-05-18,South,Gadget,6,29.0
71608,2024-05-18,South,Thingamajig,2,9.99
88602,2024-05-18,East,Gadget,7,29.0
23110,2024-05-18,East,Contraption,11,39.0
25908,2024-05-18,West,Contraption,5,39.0
69096,2024-05-18,West,Widget,6,14.5
51257,2024-05-18,East,Doohickey,6,19.99
38776,2024-05-18,West,Contraption,8,39.0
22710,2024-05-18,West,Contraption,9,39.0
32036,2024-05-19,South,Widget,6,14.5
30348,2024-05-19,West,Doohickey,9,19.99
35648,2024-05-19,South,Doohickey,2,19.99
10557,2024-05-19,South,Widget,5,14.5
93197,2024-05-19,North,Doohickey,5,19.99
96639,2024-05-19,North,Widget,11,14.5
46061,2024-05-19,North,Thingamajig,3,9.99
11785,2024-05-19,South,Widget,5,14.5
33926,2024-05-19,North,Contraption,1,39.0
49459,2024-05-19,West,Gadget,8,29.0
27483,2024-05-19,East,Doohickey,4,19.99
45036,2024-05-19,West,Contraption,4,39.0
71987,2024-05-19,North,Contraption,9,39.0
84533,2024-05-19,North,Widget,11,14.5
51423,2024-05-19,North,Doohickey,11,19.99
80528,2024-05-20,North,Thingamajig,1,9.99
66894,2024-05-20,South,Widget,1,14.5
41234,2024-05-20,West,Doohickey,11,19.99
91476,2024-05-20,East,Thingamajig,6,9.99
45747,2024-05-20,West,Widget,6,14.5
50577,2024-05-20,West,Gadget,11,29.0
98783,2024-05-20,East,Contraption,7,39.0
85139,2024-05-20,North,Doohickey,5,19.99
20234,2024-05-20,South,Doohickey,10,19.99
65137,2024-05-20,East,Widget,5,14.5
69453,2024-05-20,North,Widget,8,14.5
31075,2024-05-20,South,Doohickey,1,19.99
56669,2024-05-20,South,Gadget,5,29.0
95277,2024-05-20,South,Thingamajig,5,9.99
13823,2024-05-20,South,Gadget,4,29.0
99066,2024-05-21,North,Gadget,4,29.0
21580,2024-05-21,South,Contraption,9,39.0
66432,2024-05-21,South,Contraption,3,39.0
66783,2024-05-21,West,Gadget,5,29.0
74612,2024-05-21,West,Widget,10,14.5
75906,2024-05-21,West,Contraption,4,39.0
15661,2024-05-21,North,Thingamajig,5,9.99
70227,2024-05-22,West,Gadget,2,29.0
68095,2024-05-22,East,Thingamajig,2,9.99
82719,2024-05-22,West,Widget,5,14.5
77504,2024-05-22,North,Thingamajig,8,9.99
19463,2024-05-22,East,Gadget,11,29.0
46192,2024-05-22,North,Doohickey,9,19.99
36900,2024-05-22,South,Contraption,2,39.0
44227,2024-05-22,West,Contraption,1,39.0
90829,2024-05-22,East,Contraption,6,39.0
56212,2024-05-22,East,Widget,8,14.5
72326,2024-05-22,North,Thingamajig,9,9.99
68081,2024-05-23,South,Widget,11,14.5
37864,2024-05-23,North,Widget,5,14.5
77327,2024-05-23,West,Doohickey,7,19.99
93842,2024-05-23,West,Doohickey,4,19.99
12464,2024-05-23,West,Contraption,10,39.0
38287,2024-05-23,West,Doohickey,10,19.99
64154,2024-05-23,South,Contraption,1,39.0
34492,2024-05-23,North,Doohickey,3,19.99
17642,2024-05-23,South,Gadget,5,29.0
69360,2024-05-23,North,Widget,4,14.5
69546,2024-05-23,South,Widget,1,14.5
17219,2024-05-23,North,Gadget,9,29.0
21446,2024-05-23,South,Thingamajig,4,9.99
32472,2024-05-23,South,Gadget,3,29.0
52964,2024-05-24,West,Doohickey,7,19.99
37707,2024-05-24,West,Gadget,8,29.0
82572,2024-05-24,North,Widget,6,14.5
93039,2024-05-24,West,Thingamajig,7,9.99
37976,2024-05-24,West,Gadget,9,29.0
85478,2024-05-24,East,Contraption,4,39.0
50966,2024-05-24,North,Widget,4,14.5
11619,2024-05-24,West,Gadget,2,29.0
77824,2024-05-24,South,Doohickey,7,19.99
98878,2024-05-24,East,Contraption,2,39.0
86456,2024-05-24,South,Doohickey,8,19.99
30501,2024-05-24,West,Contraption,5,39.0
47622,2024-05-24,North,Gadget,7,29.0
87959,2024-05-24,West,Thingamajig,10,9.99
37789,2024-05-24,North,Gadget,2,29.0
13828,2024-05-24,South,Contraption,3,39.0
72965,2024-05-24,North,Gadget,9,29.0
23312,2024-05-24,East,Gadget,4,29.0
62347,2024-05-25,West,Thingamajig,11,9.99
59255,2024-05-25,West,Contraption,4,39.0
10598,2024-05-25,East,Widget,1,14.5
93528,2024-05-25,East,Thingamajig,6,9.99
75206,2024-05-25,East,Widget,6,14.5
19810,2024-05-25,West,Contraption,1,39.0
99727,2024-05-25,East,Contraption,3,39.0
94315,2024-05-26,West,Doohickey,4,19.99
16532,2024-05-26,West,Thingamajig,3,9.99
87304,2024-05-26,East,Widget,9,14.5
69857,2024-05-26,East,Thingamajig,8,9.99
21121,2024-05-26,South,Gadget,4,29.0
14231,2024-05-26,North,Gadget,10,29.0
97788,2024-05-26,South,Widget,5,14.5
76896,2024-05-26,South,Gadget,11,29.0
80481,2024-05-26,East,Doohickey,7,19.99
17428,2024-05-26,West,Doohickey,6,19.99
20474,2024-05-26,East,Thingamajig,6,9.99
76576,2024-05-26,East,Contraption,6,39.0
26666,2024-05-26,West,Gadget,1,29.0
20532,2024-05-26,South,Contraption,10,39.0
97648,2024-05-27,West,Widget,2,14.5
92248,2024-05-27,South,Widget,2,14.5
45020,2024-05-27,South,Thingamajig,8,9.99
30569,2024-05-27,West,Contraption,6,39.0
51431,2024-05-27,South,Doohickey,2,19.99
38956,2024-05-27,South,Doohickey,10,19.99
52392,2024-05-27,East,Widget,11,14.5
90484,2024-05-27,South,Contraption,7,39.0
25474,2024-05-27,West,Widget,6,14.5
71891,2024-05-27,North,Widget,7,14.5
26387,2024-05-27,West,Contraption,11,39.0
24586,2024-05-27,North,Widget,10,14.5
91397,2024-05-27,East,Thingamajig,11,9.99
67208,2024-05-28,North,Thingamajig,7,9.99
32242,2024-05-28,North,Thingamajig,3,9.99
38327,2024-05-28,North,Contraption,9,39.0
13301,2024-05-28,West,Gadget,6,29.0
62311,2024-05-28,West,Contraption,2,39.0
96141,2024-05-28,North,Contraption,4,39.0
42075,2024-05-28,South,Widget,1,14.5
73893,2024-05-28,North,Thingamajig,9,9.99
90796,2024-05-28,East,Contraption,6,39.0
41355,2024-05-28,North,Doohickey,5,19.99
91739,2024-05-29,South,Widget,8,14.5
31535,2024-05-29,West,Doohickey,3,19.99
83471,2024-05-29,South,Widget,8,14.5
44827,2024-05-29,West,Contraption,9,39.0
41950,2024-05-29,North,Widget,10,14.5
43355,2024-05-29,North,Thingamajig,11,9.99
18624,2024-05-29,South,Thingamajig,11,9.99
14723,2024-05-29,East,Widget,8,14.5
99340,2024-05-29,North,Gadget,11,29.0
20148,2024-05-29,North,Widget,6,14.5
56695,2024-05-29,South,Thingamajig,2,9.99
59210,2024-05-29,East,Thingamajig,8,9.99
57395,2024-05-29,East,Thingamajig,6,9.99
95502,2024-05-29,North,Widget,10,14.5
75014,2024-05-29,South,Contraption,3,39.0
36253,2024-05-30,North,Thingamajig,6,9.99
14465,2024-05-30,North,Doohickey,10,19.99
78651,2024-05-30,West,Contraption,7,39.0
20600,2024-05-30,East,Gadget,10,29.0
35915,2024-05-30,West,Doohickey,8,19.99
46086,2024-05-30,West,Widget,10,14.5
67660,2024-05-30,South,Gadget,6,29.0
96253,2024-05-30,North,Widget,2,14.5
33822,2024-05-30,West,Doohickey,3,19.99
81227,2024-05-30,East,Doohickey,2,19.99
45202,2024-05-30,South,Widget,2,14.5
54896,2024-05-30,East,Contraption,10,39.0
82746,2024-05-30,North,Thingamajig,7,9.99
24304,2024-05-30,West,Doohickey,1,19.99
25244,2024-05-30,West,Widget,2,14.5
96037,2024-05-30,North,Contraption,2,39.0
46999,2024-05-30,South,Gadget,8,29.0
11033,2024-05-30,East,Doohickey,4,19.99
69083,2024-05-30,North,Gadget,6,29.0
46427,2024-05-31,North,Thingamajig,11,9.99
95440,2024-05-31,North,Doohickey,9,19.99
95508,2024-05-31,West,Widget,4,14.5
74268,2024-05-31,East,Contraption,8,39.0
99852,2024-05-31,West,Gadget,7,29.0
60522,2024-05-31,South,Thingamajig,3,9.99
83345,2024-05-31,South,Widget,1,14.5
45329,2024-05-31,East,Contraption,8,39.0
73047,2024-05-31,North,Gadget,10,29.0
18829,2024-05-31,South,Widget,9,14.5
50030,2024-05-31,East,Widget,6,14.5
98432,2024-05-31,South,Gadget,5,29.0
24340,2024-05-31,West,Widget,8,14.5
43932,2024-05-31,South,Widget,7,14.5
98840,2024-05-31,South,Gadget,1,29.0
69411,2024-05-31,East,Widget,3,14.5
32555,2024-05-31,West,Doohickey,5,19.99
38516,2024-05-31,West,Contraption,5,39.0
55782,2024-06-01,South,Doohickey,4,19.99
25560,2024-06-01,South,Doohickey,3,19.99
45956,2024-06-01,North,Contraption,2,39.0
72892,2024-06-01,East,Gadget,8,29.0
83625,2024-06-01,West,Widget,9,14.5
20115,2024-06-01,North,Doohickey,7,19.99
45059,2024-06-01,West,Thingamajig,8,9.99
20497,2024-06-01,South,Gadget,1,29.0
91489,2024-06-01,South,Contraption,10,39.0
90325,2024-06-02,South,Contraption,7,39.0
41069,2024-06-02,West,Doohickey,1,19.99
77960,2024-06-02,South,Thingamajig,9,9.99
28324,2024-06-02,South,Widget,4,14.5
41279,2024-06-02,South,Widget,7,14.5
97182,2024-06-02,South,Thingamajig,11,9.99
86680,2024-06-02,South,Contraption,1,39.0
55747,2024-06-02,West,Gadget,6,29.0
49192,2024-06-02,West,Thingamajig,6,9.99
32507,2024-06-02,North,Gadget,4,29.0
32008,2024-06-02,West,Gadget,3,29.0
13001,2024-06-02,East,Widget,4,14.5
18358,2024-06-02,East,Contraption,3,39.0
88386,2024-06-02,North,Doohickey,5,19.99
21358,2024-06-02,East,Gadget,7,29.0
21687,2024-06-02,South,Contraption,2,39.0
56584,2024-06-02,East,Doohickey,6,19.99
49152,2024-06-03,East,Contraption,1,39.0
29250,2024-06-03,South,Contraption,1,39.0
19460,2024-06-03,East,Doohickey,4,19.99
38259,2024-06-03,South,Gadget,7,29.0
40373,2024-06-03,East,Widget,1,14.5
93338,2024-06-03,North,Doohickey,10,19.99
93881,2024-06-03,West,Doohickey,3,19.99
43343,2024-06-04,North,Doohickey,3,19.99
49974,2024-06-04,West,Gadget,2,29.0
50441,2024-06-04,South,Thingamajig,8,9.99
60199,2024-06-04,West,Widget,6,14.5
23043,2024-06-04,South,Thingamajig,2,9.99
12745,2024-06-04,East,Widget,6,14.5
36481,2024-06-04,South,Contraption,1,39.0
10562,2024-06-04,West,Contraption,7,39.0
96020,2024-06-04,East,Widget,1,14.5
52191,2024-06-04,North,Doohickey,10,19.99
11493,2024-06-04,West,Widget,10,14.5
76105,2024-06-04,West,Thingamajig,9,9.99
57069,2024-06-05,South,Gadget,7,29.0
62209,2024-06-05,West,Widget,11,14.5
23442,2024-06-05,East,Widget,2,14.5
91405,2024-06-05,South,Widget,7,14.5
93029,2024-06-05,South,Doohickey,11,19.99
90195,2024-06-05,South,Doohickey,9,19.99
98958,2024-06-05,West,Contraption,7,39.0
97702,2024-06-05,East,Contraption,8,39.0
28259,2024-06-05,West,Doohickey,11,19.99
75135,2024-06-06,North,Widget,3,14.5
51045,2024-06-06,South,Thingamajig,7,9.99
46833,2024-06-06,East,Thingamajig,6,9.99
84081,2024-06-06,South,Contraption,4,39.0
26830,2024-06-06,South,Contraption,11,39.0
86104,2024-06-06,North,Thingamajig,9,9.99
10641,2024-06-06,North,Thingamajig,6,9.99
51493,2024-06-06,South,Contraption,6,39.0
96884,2024-06-07,East,Gadget,5,29.0
55586,2024-06-07,West,Widget,10,14.5
24549,2024-06-07,West,Contraption,8,39.0
94112,2024-06-07,South,Thingamajig,7,9.99
21806,2024-06-07,East,Thingamajig,6,9.99
22655,2024-06-07,South,Widget,9,14.5
56302,2024-06-07,East,Thingamajig,4,9.99
64317,2024-06-07,North,Doohickey,5,19.99
46564,2024-06-07,North,Contraption,5,39.0
95306,2024-06-07,East,Contraption,2,39.0
65315,2024-06-08,West,Gadget,5,29.0
86093,2024-06-08,North,Widget,5,14.5
35398,2024-06-08,North,Widget,5,14.5
96467,2024-06-08,West,Thingamajig,3,9.99
76523,2024-06-08,North,Widget,8,14.5
39311,2024-06-08,South,Doohickey,4,19.99
19873,2024-06-08,North,Gadget,9,29.0
72060,2024-06-08,East,Doohickey,6,19.99
89371,2024-06-08,North,Widget,3,14.5
14551,2024-06-08,West,Contraption,10,39.0
81227,2024-06-09,East,Gadget,6,29.0
86217,2024-06-09,South,Contraption,4,39.0
21951,2024-06-09,North,Gadget,8,29.0
59961,2024-06-09,North,Widget,10,14.5
95369,2024-06-09,East,Widget,6,14.5
86319,2024-06-09,North,Thingamajig,9,9.99
37851,2024-06-09,South,Thingamajig,10,9.99
32529,2024-06-09,North,Doohickey,7,19.99
61875,2024-06-09,West,Doohickey,11,19.99
85788,2024-06-09,East,Contraption,1,39.0
43304,2024-06-09,South,Gadget,5,29.0
80692,2024-06-09,South,Thingamajig,8,9.99
12249,2024-06-09,South,Doohickey,2,19.99
58391,2024-06-09,East,Contraption,4,39.0
33231,2024-06-09,East,Gadget,11,29.0
90889,2024-06-09,South,Doohickey,7,19.99
80051,2024-06-10,East,Doohickey,4,19.99
40338,2024-06-10,West,Widget,8,14.5
38175,2024-06-10,South,Doohickey,3,19.99
71327,2024-06-10,East,Thingamajig,11,9.99
71485,2024-06-10,West,Doohickey,11,19.99
20419,2024-06-10,West,Gadget,10,29.0
18304,2024-06-10,East,Widget,6,14.5
86487,2024-06-10,South,Contraption,1,39.0
66025,2024-06-10,East,Contraption,9,39.0
68062,2024-06-10,West,Widget,6,14.5
68851,2024-06-10,East,Contraption,5,39.0
95480,2024-06-10,North,Doohickey,10,19.99
53371,2024-06-11,East,Doohickey,1,19.99
78889,2024-06-11,South,Thingamajig,9,9.99
48871,2024-06-11,North,Doohickey,8,19.99
54179,2024-06-11,South,Widget,6,14.5
88519,2024-06-11,North,Gadget,5,29.0
53498,2024-06-11,South,Widget,2,14.5
39555,2024-06-11,West,Widget,9,14.5
34891,2024-06-11,East,Widget,10,14.5
38754,2024-06-12,West,Gadget,3,29.0
72117,2024-06-12,South,Contraption,6,39.0
77163,2024-06-12,East,Thingamajig,5,9.99
49708,2024-06-12,West,Contraption,9,39.0
93876,2024-06-12,East,Widget,4,14.5
59230,2024-06-12,North,Thingamajig,6,9.99
93774,2024-06-12,East,Contraption,9,39.0
81748,2024-06-12,South,Contraption,9,39.0
30165,2024-06-12,South,Contraption,7,39.0
67328,2024-06-12,West,Widget,9,14.5
21236,2024-06-12,East,Thingamajig,9,9.99
15229,2024-06-12,West,Thingamajig,2,9.99
59066,2024-06-12,East,Gadget,5,29.0
96655,2024-06-12,South,Widget,9,14.5
72592,2024-06-12,South,Gadget,2,29.0
79400,2024-06-12,North,Doohickey,10,19.99
45406,2024-06-13,South,Thingamajig,11,9.99
54171,2024-06-13,North,Contraption,2,39.0
13340,2024-06-13,South,Thingamajig,5,9.99
45334,2024-06-13,East,Gadget,5,29.0
98257,2024-06-13,North,Contraption,2,39.0
26889,2024-06-13,South,Thingamajig,11,9.99
14885,2024-06-13,West,Contraption,4,39.0
86510,2024-06-13,East,Doohickey,11,19.99
85620,2024-06-13,North,Widget,11,14.5
72162,2024-06-13,South,Thingamajig,11,9.99
45207,2024-06-13,West,Widget,3,14.5
56765,2024-06-13,West,Gadget,4,29.0
72881,2024-06-13,East,Contraption,10,39.0
60578,2024-06-13,North,Thingamajig,9,9.99
18931,2024-06-13,North,Gadget,11,29.0
73671,2024-06-13,West,Contraption,11,39.0
27751,2024-06-13,West,Widget,6,14.5
46570,2024-06-13,North,Thingamajig,4,9.99
53133,2024-06-13,North,Doohickey,7,19.99
37396,2024-06-14,East,Doohickey,4,19.99
79030,2024-06-14,West,Contraption,7,39.0
91113,2024-06-14,North,Gadget,1,29.0
16385,2024-06-14,South,Gadget,5,29.0
38534,2024-06-14,West,Contraption,9,39.0
38766,2024-06-14,North,Doohickey,7,19.99
23901,2024-06-14,North,Widget,3,14.5
80258,2024-06-14,West,Doohickey,1,19.99
64424,2024-06-14,East,Widget,1,14.5
49000,2024-06-14,East,Doohickey,2,19.99
30888,2024-06-14,South,Widget,6,14.5
11087,2024-06-14,North,Thingamajig,7,9.99
23066,2024-06-14,North,Widget,10,14.5
71135,2024-06-14,North,Contraption,11,39.0
41804,2024-06-14,West,Doohickey,6,19.99
84605,2024-06-15,West,Doohickey,9,19.99
71589,2024-06-15,West,Widget,9,14.5
78326,2024-06-15,West,Contraption,11,39.0
81574,2024-06-15,North,Thingamajig,4,9.99
72175,2024-06-15,North,Contraption,10,39.0
22310,2024-06-15,South,Contraption,10,39.0
14888,2024-06-15,South,Widget,6,14.5
92616,2024-06-15,North,Contraption,10,39.0
58162,2024-06-15,East,Thingamajig,5,9.99
90968,2024-06-15,North,Contraption,3,39.0
11764,2024-06-16,East,Thingamajig,10,9.99
74178,2024-06-16,North,Contraption,3,39.0
25515,2024-06-16,West,Contraption,2,39.0
27955,2024-06-16,South,Thingamajig,7,9.99
27588,2024-06-16,West,Gadget,3,29.0
99680,2024-06-16,East,Gadget,2,29.0
66290,2024-06-16,East,Contraption,10,39.0
84921,2024-06-16,South,Doohickey,8,19.99
56360,2024-06-16,East,Contraption,9,39.0
49232,2024-06-16,East,Contraption,3,39.0
51889,2024-06-16,North,Thingamajig,4,9.99
52142,2024-06-16,West,Contraption,3,39.0
97895,2024-06-16,North,Doohickey,3,19.99
86895,2024-06-16,West,Thingamajig,4,9.99
90613,2024-06-16,West,Contraption,9,39.0
83401,2024-06-17,West,Contraption,10,39.0
39446,2024-06-17,East,Thingamajig,9,9.99
59823,2024-06-17,West,Thingamajig,1,9.99
22503,2024-06-17,West,Widget,10,14.5
34997,2024-06-17,East,Thingamajig,8,9.99
56154,2024-06-17,North,Gadget,1,29.0
97166,2024-06-17,West,Gadget,6,29.0
46610,2024-06-17,East,Widget,1,14.5
86916,2024-06-17,North,Gadget,7,29.0
15296,2024-06-17,South,Doohickey,11,19.99
17953,2024-06-17,South,Gadget,1,29.0
79312,2024-06-17,West,Doohickey,3,19.99
25964,2024-06-17,North,Widget,11,14.5
94889,2024-06-17,East,Gadget,7,29.0
59374,2024-06-18,West,Gadget,6,29.0
90705,2024-06-18,South,Widget,7,14.5
87972,2024-06-18,East,Gadget,10,29.0
85783,2024-06-18,North,Widget,8,14.5
10843,2024-06-18,South,Thingamajig,9,9.99
26454,2024-06-18,South,Thingamajig,10,9.99
24854,2024-06-18,West,Doohickey,1,19.99
42480,2024-06-19,West,Widget,4,14.5
75594,2024-06-19,North,Gadget,3,29.0
55394,2024-06-19,South,Doohickey,9,19.99
50777,2024-06-19,North,Contraption,10,39.0
92681,2024-06-19,South,Widget,7,14.5
75429,2024-06-19,East,Widget,9,14.5
52421,2024-06-19,East,Contraption,2,39.0
57398,2024-06-19,West,Contraption,9,39.0
46664,2024-06-19,West,Thingamajig,11,9.99
58191,2024-06-19,South,Contraption,10,39.0
50742,2024-06-19,West,Thingamajig,6,9.99
61317,2024-06-19,North,Gadget,4,29.0
89291,2024-06-19,North,Gadget,5,29.0
31618,2024-06-19,East,Thingamajig,5,9.99
98658,2024-06-19,East,Widget,11,14.5
23638,2024-06-19,West,Gadget,7,29.0
54330,2024-06-20,West,Thingamajig,3,9.99
96433,2024-06-20,East,Doohickey,1,19.99
18342,2024-06-20,South,Contraption,1,39.0
38694,2024-06-20,West,Gadget,4,29.0
18634,2024-06-20,South,Gadget,9,29.0
74897,2024-06-20,South,Widget,5,14.5
76142,2024-06-20,South,Contraption,10,39.0
65017,2024-06-20,West,Gadget,6,29.0
75606,2024-06-20,West,Thingamajig,5,9.99
55283,2024-06-20,West,Gadget,2,29.0
20920,2024-06-20,South,Gadget,10,29.0
61613,2024-06-20,South,Doohickey,9,19.99
96025,2024-06-20,North,Gadget,6,29.0
49252,2024-06-21,North,Gadget,11,29.0
30334,2024-06-21,South,Thingamajig,10,9.99
21113,2024-06-21,South,Doohickey,8,19.99
80652,2024-06-21,South,Doohickey,5,19.99
95625,2024-06-21,North,Gadget,3,29.0
34321,2024-06-21,South,Contraption,4,39.0
96744,2024-06-21,North,Thingamajig,2,9.99
12992,2024-06-21,East,Contraption,5,39.0
98780,2024-06-21,East,Thingamajig,1,9.99
27897,2024-06-21,North,Doohickey,2,19.99
34841,2024-06-21,North,Doohickey,7,19.99
60370,2024-06-21,North,Widget,4,14.5
93660,2024-06-21,West,Gadget,5,29.0
59876,2024-06-21,East,Thingamajig,2,9.99
74063,2024-06-21,East,Widget,9,14.5
61191,2024-06-21,South,Gadget,1,29.0
54523,2024-06-22,South,Contraption,4,39.0
25099,2024-06-22,South,Contraption,5,39.0
78231,2024-06-22,West,Contraption,9,39.0
26548,2024-06-22,South,Gadget,8,29.0
89109,2024-06-22,East,Gadget,11,29.0
14471,2024-06-22,South,Doohickey,11,19.99
11257,2024-06-22,North,Gadget,7,29.0
55658,2024-06-22,South,Contraption,1,39.0
40581,2024-06-22,South,Widget,1,14.5
77337,2024-06-22,North,Doohickey,4,19.99
74398,2024-06-22,North,Widget,4,14.5
46653,2024-06-22,South,Thingamajig,4,9.99
10383,2024-06-22,South,Widget,10,14.5
85601,2024-06-23,West,Doohickey,8,19.99
60528,2024-06-23,West,Doohickey,10,19.99
86258,2024-06-23,South,Contraption,7,39.0
56342,2024-06-23,East,Contraption,6,39.0
86938,2024-06-23,East,Widget,3,14.5
15114,2024-06-23,East,Contraption,8,39.0
54267,2024-06-23,East,Contraption,10,39.0
50179,2024-06-23,East,Doohickey,10,19.99
54984,2024-06-23,North,Widget,1,14.5
99180,2024-06-23,South,Doohickey,6,19.99
50846,2024-06-23,East,Doohickey,10,19.99
16309,2024-06-23,West,Doohickey,4,19.99
42138,2024-06-24,South,Thingamajig,6,9.99
71804,2024-06-24,South,Gadget,5,29.0
56796,2024-06-24,East,Widget,3,14.5
32481,2024-06-24,East,Doohickey,8,19.99
91010,2024-06-24,North,Widget,10,14.5
26951,2024-06-24,East,Doohickey,10,19.99
36050,2024-06-24,South,Contraption,1,39.0
73703,2024-06-24,South,Thingamajig,3,9.99
14275,2024-06-24,North,Widget,3,14.5
28045,2024-06-24,East,Thingamajig,2,9.99
33757,2024-06-24,North,Contraption,4,39.0
14895,2024-06-25,South,Doohickey,5,19.99
12705,2024-06-25,North,Doohickey,4,19.99
55400,2024-06-25,East,Gadget,2,29.0
29139,2024-06-25,West,Doohickey,9,19.99
74821,2024-06-25,South,Gadget,2,29.0
55486,2024-06-25,East,Thingamajig,8,9.99
45822,2024-06-25,North,Gadget,10,29.0
88982,2024-06-25,East,Gadget,4,29.0
16156,2024-06-25,East,Gadget,8,29.0
96221,2024-06-25,South,Contraption,4,39.0
91781,2024-06-25,North,Gadget,6,29.0
74807,2024-06-25,West,Thingamajig,9,9.99
84448,2024-06-25,North,Doohickey,5,19.99
19923,2024-06-25,East,Gadget,6,29.0
88939,2024-06-25,South,Thingamajig,10,9.99
87546,2024-06-25,West,Widget,1,14.5
16916,2024-06-25,West,Widget,6,14.5
84935,2024-06-25,South,Gadget,7,29.0
90970,2024-06-26,South,Thingamajig,1,9.99
76596,2024-06-26,West,Gadget,3,29.0
42916,2024-06-26,North,Contraption,8,39.0
17196,2024-06-26,West,Gadget,3,29.0
28189,2024-06-26,West,Contraption,1,39.0
46417,2024-06-26,East,Doohickey,6,19.99
65387,2024-06-26,South,Contraption,9,39.0
99333,2024-06-26,East,Widget,6,14.5
49688,2024-06-26,West,Gadget,9,29.0
33427,2024-06-26,South,Gadget,11,29.0
59328,2024-06-26,East,Contraption,3,39.0
77243,2024-06-26,South,Widget,7,14.5
27620,2024-06-26,South,Gadget,3,29.0
41132,2024-06-26,North,Gadget,5,29.0
22788,2024-06-26,West,Widget,9,14.5
93045,2024-06-26,South,Widget,7,14.5
99680,2024-06-27,East,Thingamajig,8,9.99
84594,2024-06-27,West,Doohickey,11,19.99
76473,2024-06-27,South,Thingamajig,10,9.99
41407,2024-06-27,North,Widget,5,14.5
37638,2024-06-27,South,Thingamajig,1,9.99
10413,2024-06-27,East,Widget,1,14.5
81711,2024-06-27,East,Contraption,6,39.0
67404,2024-06-27,East,Doohickey,1,19.99
61185,2024-06-27,South,Thingamajig,1,9.99
53085,2024-06-27,South,Contraption,10,39.0
58657,2024-06-27,West,Thingamajig,6,9.99
89944,2024-06-27,South,Gadget,5,29.0
67378,2024-06-28,North,Gadget,1,29.0
24916,2024-06-28,South,Thingamajig,4,9.99
90847,2024-06-28,North,Widget,5,14.5
27357,2024-06-28,East,Thingamajig,11,9.99
57629,2024-06-28,East,Doohickey,2,19.99
83123,2024-06-28,North,Doohickey,11,19.99
59026,2024-06-28,East,Thingamajig,4,9.99
33978,2024-06-28,East,Doohickey,7,19.99
42476,2024-06-28,North,Contraption,9,39.0
29745,2024-06-28,West,Gadget,11,29.0
50265,2024-06-28,West,Thingamajig,10,9.99
74123,2024-06-28,West,Widget,3,14.5
39826,2024-06-29,East,Gadget,7,29.0
31683,2024-06-29,South,Contraption,10,39.0
77198,2024-06-29,North,Thingamajig,3,9.99
66273,2024-06-29,West,Gadget,10,29.0
71870,2024-06-29,South,Thingamajig,11,9.99
64080,2024-06-29,South,Doohickey,3,19.99
68451,2024-06-29,North,Widget,11,14.5
79913,2024-06-29,West,Widget,8,14.5
94655,2024-06-29,South,Doohickey,4,19.99
72526,2024-06-29,West,Contraption,4,39.0
66383,2024-06-29,North,Gadget,2,29.0
17635,2024-06-29,North,Widget,11,14.5
93928,2024-06-29,West,Widget,11,14.5
70171,2024-06-29,South,Widget,6,14.5
31289,2024-06-29,West,Gadget,7,29.0
35776,2024-06-29,South,Gadget,5,29.0
32336,2024-06-30,East,Contraption,9,39.0
17502,2024-06-30,South,Thingamajig,9,9.99
89520,2024-06-30,South,Doohickey,10,19.99
26010,2024-06-30,North,Doohickey,9,19.99
38720,2024-06-30,West,Gadget,11,29.0
88372,2024-06-30,North,Thingamajig,4,9.99
68623,2024-06-30,East,Contraption,1,39.0
83670,2024-06-30,West,Thingamajig,6,9.99
49513,2024-06-30,South,Widget,5,14.5
47265,2024-06-30,East,Thingamajig,1,9.99
59344,2024-06-30,East,Widget,10,14.5
65004,2024-06-30,East,Widget,2,14.5
92978,2024-06-30,North,Thingamajig,3,9.99
97067,2024-06-30,East,Widget,3,14.5
81007,2024-06-30,South,Doohickey,1,19.99
31282,2024-06-30,South,Thingamajig,9,9.99
21270,2024-06-30,West,Contraption,6,39.0
88332,2024-06-30,North,Gadget,4,29.0
79262,2024-06-30,West,Doohickey,3,19.99
